step,scope,parent_section,section,level,mpi_avg_sec,mpi_max_sec,mpi_min_sec,thread_avg_sec,thread_max_sec,thread_min_sec,uniform_particle_count,ave_particle_count,var_particle_count,cov_particle_count
0,ensemble_generate_particles,root,ensemble_generate_particles_total,0,13.9059922,13.909319,13.885589,0,0,1.79769313e+308,51791094,559070,637139,927029
0,ensemble_generate_particles,ensemble_generate_particles_total,set_parameter_path,1,0.450011031,2.401314,0.000511,0,0,1.79769313e+308,51791094,559070,637139,927029
0,ensemble_generate_particles,ensemble_generate_particles_total,read_parameter_file,1,1.95220984,2.403886,0.001688,0,0,1.79769313e+308,51791094,559070,637139,927029
0,ensemble_generate_particles,ensemble_generate_particles_total,init_transfer_functions,1,0.00049934375,0.000513,0.000492,0,0,1.79769313e+308,51791094,559070,637139,927029
0,ensemble_generate_particles,ensemble_generate_particles_total,create_cells,1,0.00051821875,0.000592,0.000132,0,0,1.79769313e+308,51791094,559070,637139,927029
0,ensemble_generate_particles,ensemble_generate_particles_total,sampling_prepare,1,3e-06,1.8e-05,1e-06,0,0,1.79769313e+308,51791094,559070,637139,927029
0,ensemble_generate_particles,ensemble_generate_particles_total,omp_uniform_sampling,1,0.361640875,0.365342,0.353919,0.218913648,0.363179,0.129218,51791094,559070,637139,927029
0,ensemble_generate_particles,omp_uniform_sampling,uniform_thread_setup,2,0,0,1.79769313e+308,0.000143153646,0.000541,1.8e-05,51791094,559070,637139,927029
0,ensemble_generate_particles,omp_uniform_sampling,uniform_cell_index_setup,2,0,0,1.79769313e+308,0.000102046875,0.000136,7.1e-05,51791094,559070,637139,927029
0,ensemble_generate_particles,omp_uniform_sampling,uniform_bind_cell_array,2,0,0,1.79769313e+308,0.0156110677,0.016422,0.015169,51791094,559070,637139,927029
0,ensemble_generate_particles,omp_uniform_sampling,uniform_volume_calculation,2,0,0,1.79769313e+308,0.0169752188,0.022702,0.016428,51791094,559070,637139,927029
0,ensemble_generate_particles,omp_uniform_sampling,uniform_particle_count_calculation,2,0,0,1.79769313e+308,0.00315259635,0.003309,0.003029,51791094,559070,637139,927029
0,ensemble_generate_particles,omp_uniform_sampling,uniform_particle_sampling_loop,2,0,0,1.79769313e+308,0.0909027318,0.092789,0.085711,51791094,559070,637139,927029
0,ensemble_generate_particles,uniform_particle_sampling_loop,uniform_local_coord_generation,3,0,0,1.79769313e+308,0.00620068229,0.007023,0.005953,51791094,559070,637139,927029
0,ensemble_generate_particles,uniform_particle_sampling_loop,uniform_flush_prepare,3,0,0,1.79769313e+308,0.00915619531,0.009992,0.008841,51791094,559070,637139,927029
0,ensemble_generate_particles,uniform_particle_sampling_loop,uniform_calculate_scalars_array,3,0,0,1.79769313e+308,0.0514207161,0.053494,0.049822,51791094,559070,637139,927029
0,ensemble_generate_particles,uniform_particle_sampling_loop,uniform_store_particle_data,3,0,0,1.79769313e+308,0.0175778906,0.019582,0.013659,51791094,559070,637139,927029
0,ensemble_generate_particles,omp_uniform_sampling,thread_particle_merge,2,0,0,1.79769313e+308,0.0911223359,0.235388,0.002742,51791094,559070,637139,927029
0,ensemble_generate_particles,ensemble_generate_particles_total,mpi_shift_exchange,1,0.720191406,0.728668,0.712806,0,0,1.79769313e+308,51791094,559070,637139,927029
0,ensemble_generate_particles,mpi_shift_exchange,mpi_shift_size_exchange,2,0.00496990625,0.013469,0.000136,0,0,1.79769313e+308,51791094,559070,637139,927029
0,ensemble_generate_particles,mpi_shift_exchange,mpi_shift_alloc_recv_buffer,2,0.118224156,0.124007,0.111987,0,0,1.79769313e+308,51791094,559070,637139,927029
0,ensemble_generate_particles,mpi_shift_exchange,mpi_shift_payload_all,2,0.160230875,0.168154,0.150864,0,0,1.79769313e+308,51791094,559070,637139,927029
0,ensemble_generate_particles,mpi_shift_exchange,omp_shift_interpolation,2,0.436565812,0.439027,0.434442,0.436398281,0.438915,0.434246,51791094,559070,637139,927029
0,ensemble_generate_particles,omp_shift_interpolation,shift_calculate_scalars_array,3,0,0,1.79769313e+308,0.352847417,0.356666,0.350828,51791094,559070,637139,927029
0,ensemble_generate_particles,ensemble_generate_particles_total,stat_average_variance,1,0.0148646563,0.015504,0.014393,0,0,1.79769313e+308,51791094,559070,637139,927029
0,ensemble_generate_particles,ensemble_generate_particles_total,stat_histogram,1,0.009001375,0.00913,0.008881,0,0,1.79769313e+308,51791094,559070,637139,927029
0,ensemble_generate_particles,ensemble_generate_particles_total,omp_rejection,1,0.0252829062,0.025805,0.025027,0.0248279453,0.025793,0.020617,51791094,559070,637139,927029
0,ensemble_generate_particles,omp_rejection,rejection_thread_merge,2,0,0,1.79769313e+308,0.0004935625,0.001142,1.9e-05,51791094,559070,637139,927029
0,ensemble_generate_particles,ensemble_generate_particles_total,cleanup_tfs,1,0.00015621875,0.000171,0.000145,0,0,1.79769313e+308,51791094,559070,637139,927029
0,ensemble_generate_particles,ensemble_generate_particles_total,output_coord_minmax,1,3.2375e-05,0.000985,1e-06,0,0,1.79769313e+308,51791094,559070,637139,927029
0,ensemble_generate_particles,ensemble_generate_particles_total,output_particles_ave,1,0.003827125,0.009601,0.001586,0,0,1.79769313e+308,51791094,559070,637139,927029
0,ensemble_generate_particles,ensemble_generate_particles_total,output_particles_var,1,0.242700219,3.497697,0.001224,0,0,1.79769313e+308,51791094,559070,637139,927029
0,ensemble_generate_particles,ensemble_generate_particles_total,output_particles_cov,1,0.883550406,3.497869,0.004546,0,0,1.79769313e+308,51791094,559070,637139,927029
0,ensemble_generate_particles,ensemble_generate_particles_total,output_history,1,0.551572875,6.159084,3.4e-05,0,0,1.79769313e+308,51791094,559070,637139,927029
0,ensemble_generate_particles,ensemble_generate_particles_total,cleanup_cells,1,9.765625e-05,0.00012,8.8e-05,0,0,1.79769313e+308,51791094,559070,637139,927029
0,ensemble_generate_particles,ensemble_generate_particles_total,write_tf_file,1,0.000148375,0.004748,0.004748,0,0,1.79769313e+308,51791094,559070,637139,927029
0,ensemble_generate_particles,ensemble_generate_particles_total,async_io_wait,1,0.205408781,4.194826,1.1e-05,0,0,1.79769313e+308,51791094,559070,637139,927029
0,ensemble_generate_particles,ensemble_generate_particles_total,final_barrier_state,1,8.47890366,10.356526,2.8e-05,0,0,1.79769313e+308,51791094,559070,637139,927029
step,scope,parent_section,section,level,mpi_avg_sec,mpi_max_sec,mpi_min_sec,thread_avg_sec,thread_max_sec,thread_min_sec,uniform_particle_count,ave_particle_count,var_particle_count,cov_particle_count
0,ensemble_generate_particles,root,ensemble_generate_particles_total,0,12.7294041,12.731918,12.706902,0,0,1.79769313e+308,51794979,620666,672195,987321
0,ensemble_generate_particles,ensemble_generate_particles_total,set_parameter_path,1,0.348032528,2.944986,0.000442,0,0,1.79769313e+308,51794979,620666,672195,987321
0,ensemble_generate_particles,ensemble_generate_particles_total,read_parameter_file,1,2.59811997,2.947732,0.001725,0,0,1.79769313e+308,51794979,620666,672195,987321
0,ensemble_generate_particles,ensemble_generate_particles_total,init_transfer_functions,1,0.000504611111,0.000535,0.000494,0,0,1.79769313e+308,51794979,620666,672195,987321
0,ensemble_generate_particles,ensemble_generate_particles_total,create_cells,1,0.000460944444,0.000586,0.000127,0,0,1.79769313e+308,51794979,620666,672195,987321
0,ensemble_generate_particles,ensemble_generate_particles_total,sampling_prepare,1,2.5e-06,3e-06,2e-06,0,0,1.79769313e+308,51794979,620666,672195,987321
0,ensemble_generate_particles,ensemble_generate_particles_total,omp_uniform_sampling,1,0.330994778,0.333676,0.327526,0.200203796,0.331408,0.114111,51794979,620666,672195,987321
0,ensemble_generate_particles,omp_uniform_sampling,uniform_thread_setup,2,0,0,1.79769313e+308,0.000139986111,0.000644,1.9e-05,51794979,620666,672195,987321
0,ensemble_generate_particles,omp_uniform_sampling,uniform_cell_index_setup,2,0,0,1.79769313e+308,0.000101768519,0.000137,7.1e-05,51794979,620666,672195,987321
0,ensemble_generate_particles,omp_uniform_sampling,uniform_bind_cell_array,2,0,0,1.79769313e+308,0.0155358194,0.016111,0.015197,51794979,620666,672195,987321
0,ensemble_generate_particles,omp_uniform_sampling,uniform_volume_calculation,2,0,0,1.79769313e+308,0.0168639491,0.019449,0.016496,51794979,620666,672195,987321
0,ensemble_generate_particles,omp_uniform_sampling,uniform_particle_count_calculation,2,0,0,1.79769313e+308,0.00315535417,0.003799,0.003054,51794979,620666,672195,987321
0,ensemble_generate_particles,omp_uniform_sampling,uniform_particle_sampling_loop,2,0,0,1.79769313e+308,0.07508025,0.076652,0.072098,51794979,620666,672195,987321
0,ensemble_generate_particles,uniform_particle_sampling_loop,uniform_local_coord_generation,3,0,0,1.79769313e+308,0.00553196296,0.006184,0.005312,51794979,620666,672195,987321
0,ensemble_generate_particles,uniform_particle_sampling_loop,uniform_flush_prepare,3,0,0,1.79769313e+308,0.00826215972,0.008659,0.008025,51794979,620666,672195,987321
0,ensemble_generate_particles,uniform_particle_sampling_loop,uniform_calculate_scalars_array,3,0,0,1.79769313e+308,0.0459036366,0.047756,0.044733,51794979,620666,672195,987321
0,ensemble_generate_particles,uniform_particle_sampling_loop,uniform_store_particle_data,3,0,0,1.79769313e+308,0.0093824537,0.010627,0.006853,51794979,620666,672195,987321
0,ensemble_generate_particles,omp_uniform_sampling,thread_particle_merge,2,0,0,1.79769313e+308,0.0884257384,0.219827,0.003411,51794979,620666,672195,987321
0,ensemble_generate_particles,ensemble_generate_particles_total,mpi_shift_exchange,1,0.720631972,0.728678,0.716323,0,0,1.79769313e+308,51794979,620666,672195,987321
0,ensemble_generate_particles,mpi_shift_exchange,mpi_shift_size_exchange,2,0.00580122222,0.018457,0.000224,0,0,1.79769313e+308,51794979,620666,672195,987321
0,ensemble_generate_particles,mpi_shift_exchange,mpi_shift_alloc_recv_buffer,2,0.116071111,0.123392,0.108839,0,0,1.79769313e+308,51794979,620666,672195,987321
0,ensemble_generate_particles,mpi_shift_exchange,mpi_shift_payload_all,2,0.153893306,0.161343,0.146049,0,0,1.79769313e+308,51794979,620666,672195,987321
0,ensemble_generate_particles,mpi_shift_exchange,omp_shift_interpolation,2,0.444771028,0.447613,0.443515,0.444609329,0.447465,0.443314,51794979,620666,672195,987321
0,ensemble_generate_particles,omp_shift_interpolation,shift_calculate_scalars_array,3,0,0,1.79769313e+308,0.358291495,0.36119,0.356177,51794979,620666,672195,987321
0,ensemble_generate_particles,ensemble_generate_particles_total,stat_average_variance,1,0.0131865556,0.013823,0.012675,0,0,1.79769313e+308,51794979,620666,672195,987321
0,ensemble_generate_particles,ensemble_generate_particles_total,stat_histogram,1,0.00870283333,0.008897,0.008553,0,0,1.79769313e+308,51794979,620666,672195,987321
0,ensemble_generate_particles,ensemble_generate_particles_total,omp_rejection,1,0.0228266111,0.023405,0.02265,0.0223765833,0.023397,0.021806,51794979,620666,672195,987321
0,ensemble_generate_particles,omp_rejection,rejection_thread_merge,2,0,0,1.79769313e+308,0.000454800926,0.001011,2.7e-05,51794979,620666,672195,987321
0,ensemble_generate_particles,ensemble_generate_particles_total,cleanup_tfs,1,0.000154361111,0.000167,0.000139,0,0,1.79769313e+308,51794979,620666,672195,987321
0,ensemble_generate_particles,ensemble_generate_particles_total,output_coord_minmax,1,3.94722222e-05,0.001356,1e-06,0,0,1.79769313e+308,51794979,620666,672195,987321
0,ensemble_generate_particles,ensemble_generate_particles_total,output_particles_ave,1,0.00620919444,0.010315,0.000514,0,0,1.79769313e+308,51794979,620666,672195,987321
0,ensemble_generate_particles,ensemble_generate_particles_total,output_particles_var,1,0.259992361,3.735516,0.001185,0,0,1.79769313e+308,51794979,620666,672195,987321
0,ensemble_generate_particles,ensemble_generate_particles_total,output_particles_cov,1,0.989024639,3.735706,0.004419,0,0,1.79769313e+308,51794979,620666,672195,987321
0,ensemble_generate_particles,ensemble_generate_particles_total,output_history,1,0.476100861,6.498469,3.5e-05,0,0,1.79769313e+308,51794979,620666,672195,987321
0,ensemble_generate_particles,ensemble_generate_particles_total,cleanup_cells,1,9.84722222e-05,0.000112,8.9e-05,0,0,1.79769313e+308,51794979,620666,672195,987321
0,ensemble_generate_particles,ensemble_generate_particles_total,write_tf_file,1,0.0259936111,0.93577,0.93577,0,0,1.79769313e+308,51794979,620666,672195,987321
0,ensemble_generate_particles,ensemble_generate_particles_total,async_io_wait,1,0.231800667,3.390859,1.1e-05,0,0,1.79769313e+308,51794979,620666,672195,987321
0,ensemble_generate_particles,ensemble_generate_particles_total,final_barrier_state,1,6.69176456,8.66834,3.9e-05,0,0,1.79769313e+308,51794979,620666,672195,987321
step,scope,parent_section,section,level,mpi_avg_sec,mpi_max_sec,mpi_min_sec,thread_avg_sec,thread_max_sec,thread_min_sec,uniform_particle_count,ave_particle_count,var_particle_count,cov_particle_count
0,ensemble_generate_particles,root,ensemble_generate_particles_total,0,15.0815792,15.087005,15.053634,0,0,1.79769313e+308,51795075,621900,671521,986570
0,ensemble_generate_particles,ensemble_generate_particles_total,set_parameter_path,1,0.449668722,2.904378,0.000274,0,0,1.79769313e+308,51795075,621900,671521,986570
0,ensemble_generate_particles,ensemble_generate_particles_total,read_parameter_file,1,2.45173564,2.903241,0.002263,0,0,1.79769313e+308,51795075,621900,671521,986570
0,ensemble_generate_particles,ensemble_generate_particles_total,init_transfer_functions,1,0.000514111111,0.000605,0.000494,0,0,1.79769313e+308,51795075,621900,671521,986570
0,ensemble_generate_particles,ensemble_generate_particles_total,create_cells,1,0.000425777778,0.00063,0.000128,0,0,1.79769313e+308,51795075,621900,671521,986570
0,ensemble_generate_particles,ensemble_generate_particles_total,sampling_prepare,1,3.22222222e-06,1.9e-05,2e-06,0,0,1.79769313e+308,51795075,621900,671521,986570
0,ensemble_generate_particles,ensemble_generate_particles_total,omp_uniform_sampling,1,0.331063778,0.333272,0.327788,0.200442456,0.3312,0.114214,51795075,621900,671521,986570
0,ensemble_generate_particles,omp_uniform_sampling,uniform_thread_setup,2,0,0,1.79769313e+308,0.000140511574,0.000519,1.6e-05,51795075,621900,671521,986570
0,ensemble_generate_particles,omp_uniform_sampling,uniform_cell_index_setup,2,0,0,1.79769313e+308,0.000100972222,0.000137,7.4e-05,51795075,621900,671521,986570
0,ensemble_generate_particles,omp_uniform_sampling,uniform_bind_cell_array,2,0,0,1.79769313e+308,0.0155392569,0.016263,0.01507,51795075,621900,671521,986570
0,ensemble_generate_particles,omp_uniform_sampling,uniform_volume_calculation,2,0,0,1.79769313e+308,0.0169320046,0.021828,0.016435,51795075,621900,671521,986570
0,ensemble_generate_particles,omp_uniform_sampling,uniform_particle_count_calculation,2,0,0,1.79769313e+308,0.00315382176,0.003781,0.003003,51795075,621900,671521,986570
0,ensemble_generate_particles,omp_uniform_sampling,uniform_particle_sampling_loop,2,0,0,1.79769313e+308,0.075084419,0.07654,0.071355,51795075,621900,671521,986570
0,ensemble_generate_particles,uniform_particle_sampling_loop,uniform_local_coord_generation,3,0,0,1.79769313e+308,0.00552116435,0.006215,0.005261,51795075,621900,671521,986570
0,ensemble_generate_particles,uniform_particle_sampling_loop,uniform_flush_prepare,3,0,0,1.79769313e+308,0.00826891667,0.00876,0.008001,51795075,621900,671521,986570
0,ensemble_generate_particles,uniform_particle_sampling_loop,uniform_calculate_scalars_array,3,0,0,1.79769313e+308,0.0459074306,0.047572,0.044139,51795075,621900,671521,986570
0,ensemble_generate_particles,uniform_particle_sampling_loop,uniform_store_particle_data,3,0,0,1.79769313e+308,0.00938963426,0.010521,0.006839,51795075,621900,671521,986570
0,ensemble_generate_particles,omp_uniform_sampling,thread_particle_merge,2,0,0,1.79769313e+308,0.0886021157,0.218972,0.003446,51795075,621900,671521,986570
0,ensemble_generate_particles,ensemble_generate_particles_total,mpi_shift_exchange,1,0.760890056,0.901915,0.716711,0,0,1.79769313e+308,51795075,621900,671521,986570
0,ensemble_generate_particles,mpi_shift_exchange,mpi_shift_size_exchange,2,0.0140709722,0.138034,0.000697,0,0,1.79769313e+308,51795075,621900,671521,986570
0,ensemble_generate_particles,mpi_shift_exchange,mpi_shift_alloc_recv_buffer,2,0.116852611,0.13241,0.109454,0,0,1.79769313e+308,51795075,621900,671521,986570
0,ensemble_generate_particles,mpi_shift_exchange,mpi_shift_payload_all,2,0.179227333,0.309833,0.145711,0,0,1.79769313e+308,51795075,621900,671521,986570
0,ensemble_generate_particles,mpi_shift_exchange,omp_shift_interpolation,2,0.45064225,0.62712,0.443716,0.450480593,0.62699,0.443509,51795075,621900,671521,986570
0,ensemble_generate_particles,omp_shift_interpolation,shift_calculate_scalars_array,3,0,0,1.79769313e+308,0.358363421,0.385918,0.35663,51795075,621900,671521,986570
0,ensemble_generate_particles,ensemble_generate_particles_total,stat_average_variance,1,0.0132709444,0.014449,0.012714,0,0,1.79769313e+308,51795075,621900,671521,986570
0,ensemble_generate_particles,ensemble_generate_particles_total,stat_histogram,1,0.00854758333,0.009063,0.008105,0,0,1.79769313e+308,51795075,621900,671521,986570
0,ensemble_generate_particles,ensemble_generate_particles_total,omp_rejection,1,0.0227420556,0.023094,0.022435,0.0223113981,0.023084,0.021705,51795075,621900,671521,986570
0,ensemble_generate_particles,omp_rejection,rejection_thread_merge,2,0,0,1.79769313e+308,0.000460641204,0.001059,2.5e-05,51795075,621900,671521,986570
0,ensemble_generate_particles,ensemble_generate_particles_total,cleanup_tfs,1,0.000154638889,0.00017,0.000141,0,0,1.79769313e+308,51795075,621900,671521,986570
0,ensemble_generate_particles,ensemble_generate_particles_total,output_coord_minmax,1,3.81944444e-05,0.001318,1e-06,0,0,1.79769313e+308,51795075,621900,671521,986570
0,ensemble_generate_particles,ensemble_generate_particles_total,output_particles_ave,1,0.144747417,0.190319,0.001696,0,0,1.79769313e+308,51795075,621900,671521,986570
0,ensemble_generate_particles,ensemble_generate_particles_total,output_particles_var,1,0.228590861,3.325783,0.001253,0,0,1.79769313e+308,51795075,621900,671521,986570
0,ensemble_generate_particles,ensemble_generate_particles_total,output_particles_cov,1,0.945575611,3.652235,0.004738,0,0,1.79769313e+308,51795075,621900,671521,986570
0,ensemble_generate_particles,ensemble_generate_particles_total,output_history,1,0.484164333,7.584563,3.6e-05,0,0,1.79769313e+308,51795075,621900,671521,986570
0,ensemble_generate_particles,ensemble_generate_particles_total,cleanup_cells,1,0.000111777778,0.000133,9e-05,0,0,1.79769313e+308,51795075,621900,671521,986570
0,ensemble_generate_particles,ensemble_generate_particles_total,write_tf_file,1,0.000152527778,0.005491,0.005491,0,0,1.79769313e+308,51795075,621900,671521,986570
0,ensemble_generate_particles,ensemble_generate_particles_total,async_io_wait,1,0.279907028,3.913703,1.1e-05,0,0,1.79769313e+308,51795075,621900,671521,986570
0,ensemble_generate_particles,ensemble_generate_particles_total,final_barrier_state,1,8.95441381,10.886527,4.2e-05,0,0,1.79769313e+308,51795075,621900,671521,986570
