case,section,min,avg,max,std,max_over_avg,source,parent_section,level,thread_avg_sec,thread_max_sec,thread_min_sec
ens_Hydrogen_unstruct_mpi4,ensemble_generate_particles_total,13.885589,13.9059922,13.909319,0.0,1.0002392349968383,/Users/shimomurakazuya/SGI/UNPBVR/Integv350_uws/CS-IS-PBVR/Server/Example/C/s86_mpi_omp/ens_Hydrogen_unstruct_mpi4/ensemble_timer_summary.csv,root,0,0,0,1.79769313e+308
ens_Hydrogen_unstruct_mpi4,set_parameter_path,0.000511,0.450011031,2.401314,0.0,5.336122527183117,/Users/shimomurakazuya/SGI/UNPBVR/Integv350_uws/CS-IS-PBVR/Server/Example/C/s86_mpi_omp/ens_Hydrogen_unstruct_mpi4/ensemble_timer_summary.csv,ensemble_generate_particles_total,1,0,0,1.79769313e+308
ens_Hydrogen_unstruct_mpi4,read_parameter_file,0.001688,1.95220984,2.403886,0.0,1.2313666034999597,/Users/shimomurakazuya/SGI/UNPBVR/Integv350_uws/CS-IS-PBVR/Server/Example/C/s86_mpi_omp/ens_Hydrogen_unstruct_mpi4/ensemble_timer_summary.csv,ensemble_generate_particles_total,1,0,0,1.79769313e+308
ens_Hydrogen_unstruct_mpi4,init_transfer_functions,0.000492,0.00049934375,0.000513,0.0,1.0273483947681332,/Users/shimomurakazuya/SGI/UNPBVR/Integv350_uws/CS-IS-PBVR/Server/Example/C/s86_mpi_omp/ens_Hydrogen_unstruct_mpi4/ensemble_timer_summary.csv,ensemble_generate_particles_total,1,0,0,1.79769313e+308
ens_Hydrogen_unstruct_mpi4,create_cells,0.000132,0.00051821875,0.000592,0.0,1.1423747210999216,/Users/shimomurakazuya/SGI/UNPBVR/Integv350_uws/CS-IS-PBVR/Server/Example/C/s86_mpi_omp/ens_Hydrogen_unstruct_mpi4/ensemble_timer_summary.csv,ensemble_generate_particles_total,1,0,0,1.79769313e+308
ens_Hydrogen_unstruct_mpi4,sampling_prepare,1e-06,3e-06,1.8e-05,0.0,6.0,/Users/shimomurakazuya/SGI/UNPBVR/Integv350_uws/CS-IS-PBVR/Server/Example/C/s86_mpi_omp/ens_Hydrogen_unstruct_mpi4/ensemble_timer_summary.csv,ensemble_generate_particles_total,1,0,0,1.79769313e+308
ens_Hydrogen_unstruct_mpi4,omp_uniform_sampling,0.353919,0.361640875,0.365342,0.0,1.010234255184788,/Users/shimomurakazuya/SGI/UNPBVR/Integv350_uws/CS-IS-PBVR/Server/Example/C/s86_mpi_omp/ens_Hydrogen_unstruct_mpi4/ensemble_timer_summary.csv,ensemble_generate_particles_total,1,0.218913648,0.363179,0.129218
ens_Hydrogen_unstruct_mpi4,uniform_thread_setup,1.79769313e+308,0.0,0.0,0.0,0.0,/Users/shimomurakazuya/SGI/UNPBVR/Integv350_uws/CS-IS-PBVR/Server/Example/C/s86_mpi_omp/ens_Hydrogen_unstruct_mpi4/ensemble_timer_summary.csv,omp_uniform_sampling,2,0.000143153646,0.000541,1.8e-05
ens_Hydrogen_unstruct_mpi4,uniform_cell_index_setup,1.79769313e+308,0.0,0.0,0.0,0.0,/Users/shimomurakazuya/SGI/UNPBVR/Integv350_uws/CS-IS-PBVR/Server/Example/C/s86_mpi_omp/ens_Hydrogen_unstruct_mpi4/ensemble_timer_summary.csv,omp_uniform_sampling,2,0.000102046875,0.000136,7.1e-05
ens_Hydrogen_unstruct_mpi4,uniform_bind_cell_array,1.79769313e+308,0.0,0.0,0.0,0.0,/Users/shimomurakazuya/SGI/UNPBVR/Integv350_uws/CS-IS-PBVR/Server/Example/C/s86_mpi_omp/ens_Hydrogen_unstruct_mpi4/ensemble_timer_summary.csv,omp_uniform_sampling,2,0.0156110677,0.016422,0.015169
ens_Hydrogen_unstruct_mpi4,uniform_volume_calculation,1.79769313e+308,0.0,0.0,0.0,0.0,/Users/shimomurakazuya/SGI/UNPBVR/Integv350_uws/CS-IS-PBVR/Server/Example/C/s86_mpi_omp/ens_Hydrogen_unstruct_mpi4/ensemble_timer_summary.csv,omp_uniform_sampling,2,0.0169752188,0.022702,0.016428
ens_Hydrogen_unstruct_mpi4,uniform_particle_count_calculation,1.79769313e+308,0.0,0.0,0.0,0.0,/Users/shimomurakazuya/SGI/UNPBVR/Integv350_uws/CS-IS-PBVR/Server/Example/C/s86_mpi_omp/ens_Hydrogen_unstruct_mpi4/ensemble_timer_summary.csv,omp_uniform_sampling,2,0.00315259635,0.003309,0.003029
ens_Hydrogen_unstruct_mpi4,uniform_particle_sampling_loop,1.79769313e+308,0.0,0.0,0.0,0.0,/Users/shimomurakazuya/SGI/UNPBVR/Integv350_uws/CS-IS-PBVR/Server/Example/C/s86_mpi_omp/ens_Hydrogen_unstruct_mpi4/ensemble_timer_summary.csv,omp_uniform_sampling,2,0.0909027318,0.092789,0.085711
ens_Hydrogen_unstruct_mpi4,uniform_local_coord_generation,1.79769313e+308,0.0,0.0,0.0,0.0,/Users/shimomurakazuya/SGI/UNPBVR/Integv350_uws/CS-IS-PBVR/Server/Example/C/s86_mpi_omp/ens_Hydrogen_unstruct_mpi4/ensemble_timer_summary.csv,uniform_particle_sampling_loop,3,0.00620068229,0.007023,0.005953
ens_Hydrogen_unstruct_mpi4,uniform_flush_prepare,1.79769313e+308,0.0,0.0,0.0,0.0,/Users/shimomurakazuya/SGI/UNPBVR/Integv350_uws/CS-IS-PBVR/Server/Example/C/s86_mpi_omp/ens_Hydrogen_unstruct_mpi4/ensemble_timer_summary.csv,uniform_particle_sampling_loop,3,0.00915619531,0.009992,0.008841
ens_Hydrogen_unstruct_mpi4,uniform_calculate_scalars_array,1.79769313e+308,0.0,0.0,0.0,0.0,/Users/shimomurakazuya/SGI/UNPBVR/Integv350_uws/CS-IS-PBVR/Server/Example/C/s86_mpi_omp/ens_Hydrogen_unstruct_mpi4/ensemble_timer_summary.csv,uniform_particle_sampling_loop,3,0.0514207161,0.053494,0.049822
ens_Hydrogen_unstruct_mpi4,uniform_store_particle_data,1.79769313e+308,0.0,0.0,0.0,0.0,/Users/shimomurakazuya/SGI/UNPBVR/Integv350_uws/CS-IS-PBVR/Server/Example/C/s86_mpi_omp/ens_Hydrogen_unstruct_mpi4/ensemble_timer_summary.csv,uniform_particle_sampling_loop,3,0.0175778906,0.019582,0.013659
ens_Hydrogen_unstruct_mpi4,thread_particle_merge,1.79769313e+308,0.0,0.0,0.0,0.0,/Users/shimomurakazuya/SGI/UNPBVR/Integv350_uws/CS-IS-PBVR/Server/Example/C/s86_mpi_omp/ens_Hydrogen_unstruct_mpi4/ensemble_timer_summary.csv,omp_uniform_sampling,2,0.0911223359,0.235388,0.002742
ens_Hydrogen_unstruct_mpi4,mpi_shift_exchange,0.712806,0.720191406,0.728668,0.0,1.0117699182875282,/Users/shimomurakazuya/SGI/UNPBVR/Integv350_uws/CS-IS-PBVR/Server/Example/C/s86_mpi_omp/ens_Hydrogen_unstruct_mpi4/ensemble_timer_summary.csv,ensemble_generate_particles_total,1,0,0,1.79769313e+308
ens_Hydrogen_unstruct_mpi4,mpi_shift_size_exchange,0.000136,0.00496990625,0.013469,0.0,2.710111483491263,/Users/shimomurakazuya/SGI/UNPBVR/Integv350_uws/CS-IS-PBVR/Server/Example/C/s86_mpi_omp/ens_Hydrogen_unstruct_mpi4/ensemble_timer_summary.csv,mpi_shift_exchange,2,0,0,1.79769313e+308
ens_Hydrogen_unstruct_mpi4,mpi_shift_alloc_recv_buffer,0.111987,0.118224156,0.124007,0.0,1.0489142337374775,/Users/shimomurakazuya/SGI/UNPBVR/Integv350_uws/CS-IS-PBVR/Server/Example/C/s86_mpi_omp/ens_Hydrogen_unstruct_mpi4/ensemble_timer_summary.csv,mpi_shift_exchange,2,0,0,1.79769313e+308
ens_Hydrogen_unstruct_mpi4,mpi_shift_payload_all,0.150864,0.160230875,0.168154,0.0,1.0494481790728536,/Users/shimomurakazuya/SGI/UNPBVR/Integv350_uws/CS-IS-PBVR/Server/Example/C/s86_mpi_omp/ens_Hydrogen_unstruct_mpi4/ensemble_timer_summary.csv,mpi_shift_exchange,2,0,0,1.79769313e+308
ens_Hydrogen_unstruct_mpi4,omp_shift_interpolation,0.434442,0.436565812,0.439027,0.0,1.0056376104870073,/Users/shimomurakazuya/SGI/UNPBVR/Integv350_uws/CS-IS-PBVR/Server/Example/C/s86_mpi_omp/ens_Hydrogen_unstruct_mpi4/ensemble_timer_summary.csv,mpi_shift_exchange,2,0.436398281,0.438915,0.434246
ens_Hydrogen_unstruct_mpi4,shift_calculate_scalars_array,1.79769313e+308,0.0,0.0,0.0,0.0,/Users/shimomurakazuya/SGI/UNPBVR/Integv350_uws/CS-IS-PBVR/Server/Example/C/s86_mpi_omp/ens_Hydrogen_unstruct_mpi4/ensemble_timer_summary.csv,omp_shift_interpolation,3,0.352847417,0.356666,0.350828
ens_Hydrogen_unstruct_mpi4,stat_average_variance,0.014393,0.0148646563,0.015504,0.0,1.0430109978392168,/Users/shimomurakazuya/SGI/UNPBVR/Integv350_uws/CS-IS-PBVR/Server/Example/C/s86_mpi_omp/ens_Hydrogen_unstruct_mpi4/ensemble_timer_summary.csv,ensemble_generate_particles_total,1,0,0,1.79769313e+308
ens_Hydrogen_unstruct_mpi4,stat_histogram,0.008881,0.009001375,0.00913,0.0,1.014289483551124,/Users/shimomurakazuya/SGI/UNPBVR/Integv350_uws/CS-IS-PBVR/Server/Example/C/s86_mpi_omp/ens_Hydrogen_unstruct_mpi4/ensemble_timer_summary.csv,ensemble_generate_particles_total,1,0,0,1.79769313e+308
ens_Hydrogen_unstruct_mpi4,omp_rejection,0.025027,0.0252829062,0.025805,0.0,1.0206500706789792,/Users/shimomurakazuya/SGI/UNPBVR/Integv350_uws/CS-IS-PBVR/Server/Example/C/s86_mpi_omp/ens_Hydrogen_unstruct_mpi4/ensemble_timer_summary.csv,ensemble_generate_particles_total,1,0.0248279453,0.025793,0.020617
ens_Hydrogen_unstruct_mpi4,rejection_thread_merge,1.79769313e+308,0.0,0.0,0.0,0.0,/Users/shimomurakazuya/SGI/UNPBVR/Integv350_uws/CS-IS-PBVR/Server/Example/C/s86_mpi_omp/ens_Hydrogen_unstruct_mpi4/ensemble_timer_summary.csv,omp_rejection,2,0.0004935625,0.001142,1.9e-05
ens_Hydrogen_unstruct_mpi4,cleanup_tfs,0.000145,0.00015621875,0.000171,0.0,1.094618923784757,/Users/shimomurakazuya/SGI/UNPBVR/Integv350_uws/CS-IS-PBVR/Server/Example/C/s86_mpi_omp/ens_Hydrogen_unstruct_mpi4/ensemble_timer_summary.csv,ensemble_generate_particles_total,1,0,0,1.79769313e+308
ens_Hydrogen_unstruct_mpi4,output_coord_minmax,1e-06,3.2375e-05,0.000985,0.0,30.424710424710423,/Users/shimomurakazuya/SGI/UNPBVR/Integv350_uws/CS-IS-PBVR/Server/Example/C/s86_mpi_omp/ens_Hydrogen_unstruct_mpi4/ensemble_timer_summary.csv,ensemble_generate_particles_total,1,0,0,1.79769313e+308
ens_Hydrogen_unstruct_mpi4,output_particles_ave,0.001586,0.003827125,0.009601,0.0,2.508671653003234,/Users/shimomurakazuya/SGI/UNPBVR/Integv350_uws/CS-IS-PBVR/Server/Example/C/s86_mpi_omp/ens_Hydrogen_unstruct_mpi4/ensemble_timer_summary.csv,ensemble_generate_particles_total,1,0,0,1.79769313e+308
ens_Hydrogen_unstruct_mpi4,output_particles_var,0.001224,0.242700219,3.497697,0.0,14.411593917844797,/Users/shimomurakazuya/SGI/UNPBVR/Integv350_uws/CS-IS-PBVR/Server/Example/C/s86_mpi_omp/ens_Hydrogen_unstruct_mpi4/ensemble_timer_summary.csv,ensemble_generate_particles_total,1,0,0,1.79769313e+308
ens_Hydrogen_unstruct_mpi4,output_particles_cov,0.004546,0.883550406,3.497869,0.0,3.9588788327714264,/Users/shimomurakazuya/SGI/UNPBVR/Integv350_uws/CS-IS-PBVR/Server/Example/C/s86_mpi_omp/ens_Hydrogen_unstruct_mpi4/ensemble_timer_summary.csv,ensemble_generate_particles_total,1,0,0,1.79769313e+308
ens_Hydrogen_unstruct_mpi4,output_history,3.4e-05,0.551572875,6.159084,0.0,11.166401175909893,/Users/shimomurakazuya/SGI/UNPBVR/Integv350_uws/CS-IS-PBVR/Server/Example/C/s86_mpi_omp/ens_Hydrogen_unstruct_mpi4/ensemble_timer_summary.csv,ensemble_generate_particles_total,1,0,0,1.79769313e+308
ens_Hydrogen_unstruct_mpi4,cleanup_cells,8.8e-05,9.765625e-05,0.00012,0.0,1.2288,/Users/shimomurakazuya/SGI/UNPBVR/Integv350_uws/CS-IS-PBVR/Server/Example/C/s86_mpi_omp/ens_Hydrogen_unstruct_mpi4/ensemble_timer_summary.csv,ensemble_generate_particles_total,1,0,0,1.79769313e+308
ens_Hydrogen_unstruct_mpi4,write_tf_file,0.004748,0.000148375,0.004748,0.0,32.0,/Users/shimomurakazuya/SGI/UNPBVR/Integv350_uws/CS-IS-PBVR/Server/Example/C/s86_mpi_omp/ens_Hydrogen_unstruct_mpi4/ensemble_timer_summary.csv,ensemble_generate_particles_total,1,0,0,1.79769313e+308
ens_Hydrogen_unstruct_mpi4,async_io_wait,1.1e-05,0.205408781,4.194826,0.0,20.42184360171048,/Users/shimomurakazuya/SGI/UNPBVR/Integv350_uws/CS-IS-PBVR/Server/Example/C/s86_mpi_omp/ens_Hydrogen_unstruct_mpi4/ensemble_timer_summary.csv,ensemble_generate_particles_total,1,0,0,1.79769313e+308
ens_Hydrogen_unstruct_mpi4,final_barrier_state,2.8e-05,8.47890366,10.356526,0.0,1.2214463585496147,/Users/shimomurakazuya/SGI/UNPBVR/Integv350_uws/CS-IS-PBVR/Server/Example/C/s86_mpi_omp/ens_Hydrogen_unstruct_mpi4/ensemble_timer_summary.csv,ensemble_generate_particles_total,1,0,0,1.79769313e+308
ens_Hydrogen_unstruct_mpi4,ensemble_generate_particles_total,12.706902,12.7294041,12.731918,0.0,1.0001974876420177,/Users/shimomurakazuya/SGI/UNPBVR/Integv350_uws/CS-IS-PBVR/Server/Example/C/s86_mpi_omp/ens_Hydrogen_unstruct_mpi4/ensemble_timer_summary.csv,root,0,0,0,1.79769313e+308
ens_Hydrogen_unstruct_mpi4,set_parameter_path,0.000442,0.348032528,2.944986,0.0,8.461812511961526,/Users/shimomurakazuya/SGI/UNPBVR/Integv350_uws/CS-IS-PBVR/Server/Example/C/s86_mpi_omp/ens_Hydrogen_unstruct_mpi4/ensemble_timer_summary.csv,ensemble_generate_particles_total,1,0,0,1.79769313e+308
ens_Hydrogen_unstruct_mpi4,read_parameter_file,0.001725,2.59811997,2.947732,0.0,1.1345634666747124,/Users/shimomurakazuya/SGI/UNPBVR/Integv350_uws/CS-IS-PBVR/Server/Example/C/s86_mpi_omp/ens_Hydrogen_unstruct_mpi4/ensemble_timer_summary.csv,ensemble_generate_particles_total,1,0,0,1.79769313e+308
ens_Hydrogen_unstruct_mpi4,init_transfer_functions,0.000494,0.000504611111,0.000535,0.0,1.0602223937157818,/Users/shimomurakazuya/SGI/UNPBVR/Integv350_uws/CS-IS-PBVR/Server/Example/C/s86_mpi_omp/ens_Hydrogen_unstruct_mpi4/ensemble_timer_summary.csv,ensemble_generate_particles_total,1,0,0,1.79769313e+308
ens_Hydrogen_unstruct_mpi4,create_cells,0.000127,0.000460944444,0.000586,0.0,1.2713028817850336,/Users/shimomurakazuya/SGI/UNPBVR/Integv350_uws/CS-IS-PBVR/Server/Example/C/s86_mpi_omp/ens_Hydrogen_unstruct_mpi4/ensemble_timer_summary.csv,ensemble_generate_particles_total,1,0,0,1.79769313e+308
ens_Hydrogen_unstruct_mpi4,sampling_prepare,2e-06,2.5e-06,3e-06,0.0,1.2,/Users/shimomurakazuya/SGI/UNPBVR/Integv350_uws/CS-IS-PBVR/Server/Example/C/s86_mpi_omp/ens_Hydrogen_unstruct_mpi4/ensemble_timer_summary.csv,ensemble_generate_particles_total,1,0,0,1.79769313e+308
ens_Hydrogen_unstruct_mpi4,omp_uniform_sampling,0.327526,0.330994778,0.333676,0.0,1.0081004963770153,/Users/shimomurakazuya/SGI/UNPBVR/Integv350_uws/CS-IS-PBVR/Server/Example/C/s86_mpi_omp/ens_Hydrogen_unstruct_mpi4/ensemble_timer_summary.csv,ensemble_generate_particles_total,1,0.200203796,0.331408,0.114111
ens_Hydrogen_unstruct_mpi4,uniform_thread_setup,1.79769313e+308,0.0,0.0,0.0,0.0,/Users/shimomurakazuya/SGI/UNPBVR/Integv350_uws/CS-IS-PBVR/Server/Example/C/s86_mpi_omp/ens_Hydrogen_unstruct_mpi4/ensemble_timer_summary.csv,omp_uniform_sampling,2,0.000139986111,0.000644,1.9e-05
ens_Hydrogen_unstruct_mpi4,uniform_cell_index_setup,1.79769313e+308,0.0,0.0,0.0,0.0,/Users/shimomurakazuya/SGI/UNPBVR/Integv350_uws/CS-IS-PBVR/Server/Example/C/s86_mpi_omp/ens_Hydrogen_unstruct_mpi4/ensemble_timer_summary.csv,omp_uniform_sampling,2,0.000101768519,0.000137,7.1e-05
ens_Hydrogen_unstruct_mpi4,uniform_bind_cell_array,1.79769313e+308,0.0,0.0,0.0,0.0,/Users/shimomurakazuya/SGI/UNPBVR/Integv350_uws/CS-IS-PBVR/Server/Example/C/s86_mpi_omp/ens_Hydrogen_unstruct_mpi4/ensemble_timer_summary.csv,omp_uniform_sampling,2,0.0155358194,0.016111,0.015197
ens_Hydrogen_unstruct_mpi4,uniform_volume_calculation,1.79769313e+308,0.0,0.0,0.0,0.0,/Users/shimomurakazuya/SGI/UNPBVR/Integv350_uws/CS-IS-PBVR/Server/Example/C/s86_mpi_omp/ens_Hydrogen_unstruct_mpi4/ensemble_timer_summary.csv,omp_uniform_sampling,2,0.0168639491,0.019449,0.016496
ens_Hydrogen_unstruct_mpi4,uniform_particle_count_calculation,1.79769313e+308,0.0,0.0,0.0,0.0,/Users/shimomurakazuya/SGI/UNPBVR/Integv350_uws/CS-IS-PBVR/Server/Example/C/s86_mpi_omp/ens_Hydrogen_unstruct_mpi4/ensemble_timer_summary.csv,omp_uniform_sampling,2,0.00315535417,0.003799,0.003054
ens_Hydrogen_unstruct_mpi4,uniform_particle_sampling_loop,1.79769313e+308,0.0,0.0,0.0,0.0,/Users/shimomurakazuya/SGI/UNPBVR/Integv350_uws/CS-IS-PBVR/Server/Example/C/s86_mpi_omp/ens_Hydrogen_unstruct_mpi4/ensemble_timer_summary.csv,omp_uniform_sampling,2,0.07508025,0.076652,0.072098
ens_Hydrogen_unstruct_mpi4,uniform_local_coord_generation,1.79769313e+308,0.0,0.0,0.0,0.0,/Users/shimomurakazuya/SGI/UNPBVR/Integv350_uws/CS-IS-PBVR/Server/Example/C/s86_mpi_omp/ens_Hydrogen_unstruct_mpi4/ensemble_timer_summary.csv,uniform_particle_sampling_loop,3,0.00553196296,0.006184,0.005312
ens_Hydrogen_unstruct_mpi4,uniform_flush_prepare,1.79769313e+308,0.0,0.0,0.0,0.0,/Users/shimomurakazuya/SGI/UNPBVR/Integv350_uws/CS-IS-PBVR/Server/Example/C/s86_mpi_omp/ens_Hydrogen_unstruct_mpi4/ensemble_timer_summary.csv,uniform_particle_sampling_loop,3,0.00826215972,0.008659,0.008025
ens_Hydrogen_unstruct_mpi4,uniform_calculate_scalars_array,1.79769313e+308,0.0,0.0,0.0,0.0,/Users/shimomurakazuya/SGI/UNPBVR/Integv350_uws/CS-IS-PBVR/Server/Example/C/s86_mpi_omp/ens_Hydrogen_unstruct_mpi4/ensemble_timer_summary.csv,uniform_particle_sampling_loop,3,0.0459036366,0.047756,0.044733
ens_Hydrogen_unstruct_mpi4,uniform_store_particle_data,1.79769313e+308,0.0,0.0,0.0,0.0,/Users/shimomurakazuya/SGI/UNPBVR/Integv350_uws/CS-IS-PBVR/Server/Example/C/s86_mpi_omp/ens_Hydrogen_unstruct_mpi4/ensemble_timer_summary.csv,uniform_particle_sampling_loop,3,0.0093824537,0.010627,0.006853
ens_Hydrogen_unstruct_mpi4,thread_particle_merge,1.79769313e+308,0.0,0.0,0.0,0.0,/Users/shimomurakazuya/SGI/UNPBVR/Integv350_uws/CS-IS-PBVR/Server/Example/C/s86_mpi_omp/ens_Hydrogen_unstruct_mpi4/ensemble_timer_summary.csv,omp_uniform_sampling,2,0.0884257384,0.219827,0.003411
ens_Hydrogen_unstruct_mpi4,mpi_shift_exchange,0.716323,0.720631972,0.728678,0.0,1.0111652387246566,/Users/shimomurakazuya/SGI/UNPBVR/Integv350_uws/CS-IS-PBVR/Server/Example/C/s86_mpi_omp/ens_Hydrogen_unstruct_mpi4/ensemble_timer_summary.csv,ensemble_generate_particles_total,1,0,0,1.79769313e+308
ens_Hydrogen_unstruct_mpi4,mpi_shift_size_exchange,0.000224,0.00580122222,0.018457,0.0,3.181570934546962,/Users/shimomurakazuya/SGI/UNPBVR/Integv350_uws/CS-IS-PBVR/Server/Example/C/s86_mpi_omp/ens_Hydrogen_unstruct_mpi4/ensemble_timer_summary.csv,mpi_shift_exchange,2,0,0,1.79769313e+308
ens_Hydrogen_unstruct_mpi4,mpi_shift_alloc_recv_buffer,0.108839,0.116071111,0.123392,0.0,1.0630724470277535,/Users/shimomurakazuya/SGI/UNPBVR/Integv350_uws/CS-IS-PBVR/Server/Example/C/s86_mpi_omp/ens_Hydrogen_unstruct_mpi4/ensemble_timer_summary.csv,mpi_shift_exchange,2,0,0,1.79769313e+308
ens_Hydrogen_unstruct_mpi4,mpi_shift_payload_all,0.146049,0.153893306,0.161343,0.0,1.048408174427028,/Users/shimomurakazuya/SGI/UNPBVR/Integv350_uws/CS-IS-PBVR/Server/Example/C/s86_mpi_omp/ens_Hydrogen_unstruct_mpi4/ensemble_timer_summary.csv,mpi_shift_exchange,2,0,0,1.79769313e+308
ens_Hydrogen_unstruct_mpi4,omp_shift_interpolation,0.443515,0.444771028,0.447613,0.0,1.0063897417347065,/Users/shimomurakazuya/SGI/UNPBVR/Integv350_uws/CS-IS-PBVR/Server/Example/C/s86_mpi_omp/ens_Hydrogen_unstruct_mpi4/ensemble_timer_summary.csv,mpi_shift_exchange,2,0.444609329,0.447465,0.443314
ens_Hydrogen_unstruct_mpi4,shift_calculate_scalars_array,1.79769313e+308,0.0,0.0,0.0,0.0,/Users/shimomurakazuya/SGI/UNPBVR/Integv350_uws/CS-IS-PBVR/Server/Example/C/s86_mpi_omp/ens_Hydrogen_unstruct_mpi4/ensemble_timer_summary.csv,omp_shift_interpolation,3,0.358291495,0.36119,0.356177
ens_Hydrogen_unstruct_mpi4,stat_average_variance,0.012675,0.0131865556,0.013823,0.0,1.0482646431187839,/Users/shimomurakazuya/SGI/UNPBVR/Integv350_uws/CS-IS-PBVR/Server/Example/C/s86_mpi_omp/ens_Hydrogen_unstruct_mpi4/ensemble_timer_summary.csv,ensemble_generate_particles_total,1,0,0,1.79769313e+308
ens_Hydrogen_unstruct_mpi4,stat_histogram,0.008553,0.00870283333,0.008897,0.0,1.0223107421040316,/Users/shimomurakazuya/SGI/UNPBVR/Integv350_uws/CS-IS-PBVR/Server/Example/C/s86_mpi_omp/ens_Hydrogen_unstruct_mpi4/ensemble_timer_summary.csv,ensemble_generate_particles_total,1,0,0,1.79769313e+308
ens_Hydrogen_unstruct_mpi4,omp_rejection,0.02265,0.0228266111,0.023405,0.0,1.0253383604542154,/Users/shimomurakazuya/SGI/UNPBVR/Integv350_uws/CS-IS-PBVR/Server/Example/C/s86_mpi_omp/ens_Hydrogen_unstruct_mpi4/ensemble_timer_summary.csv,ensemble_generate_particles_total,1,0.0223765833,0.023397,0.021806
ens_Hydrogen_unstruct_mpi4,rejection_thread_merge,1.79769313e+308,0.0,0.0,0.0,0.0,/Users/shimomurakazuya/SGI/UNPBVR/Integv350_uws/CS-IS-PBVR/Server/Example/C/s86_mpi_omp/ens_Hydrogen_unstruct_mpi4/ensemble_timer_summary.csv,omp_rejection,2,0.000454800926,0.001011,2.7e-05
ens_Hydrogen_unstruct_mpi4,cleanup_tfs,0.000139,0.000154361111,0.000167,0.0,1.081878712313751,/Users/shimomurakazuya/SGI/UNPBVR/Integv350_uws/CS-IS-PBVR/Server/Example/C/s86_mpi_omp/ens_Hydrogen_unstruct_mpi4/ensemble_timer_summary.csv,ensemble_generate_particles_total,1,0,0,1.79769313e+308
ens_Hydrogen_unstruct_mpi4,output_coord_minmax,1e-06,3.94722222e-05,0.001356,0.0,34.353272362760464,/Users/shimomurakazuya/SGI/UNPBVR/Integv350_uws/CS-IS-PBVR/Server/Example/C/s86_mpi_omp/ens_Hydrogen_unstruct_mpi4/ensemble_timer_summary.csv,ensemble_generate_particles_total,1,0,0,1.79769313e+308
ens_Hydrogen_unstruct_mpi4,output_particles_ave,0.000514,0.00620919444,0.010315,0.0,1.6612460923352883,/Users/shimomurakazuya/SGI/UNPBVR/Integv350_uws/CS-IS-PBVR/Server/Example/C/s86_mpi_omp/ens_Hydrogen_unstruct_mpi4/ensemble_timer_summary.csv,ensemble_generate_particles_total,1,0,0,1.79769313e+308
ens_Hydrogen_unstruct_mpi4,output_particles_var,0.001185,0.259992361,3.735516,0.0,14.367791367531757,/Users/shimomurakazuya/SGI/UNPBVR/Integv350_uws/CS-IS-PBVR/Server/Example/C/s86_mpi_omp/ens_Hydrogen_unstruct_mpi4/ensemble_timer_summary.csv,ensemble_generate_particles_total,1,0,0,1.79769313e+308
ens_Hydrogen_unstruct_mpi4,output_particles_cov,0.004419,0.989024639,3.735706,0.0,3.777161713359499,/Users/shimomurakazuya/SGI/UNPBVR/Integv350_uws/CS-IS-PBVR/Server/Example/C/s86_mpi_omp/ens_Hydrogen_unstruct_mpi4/ensemble_timer_summary.csv,ensemble_generate_particles_total,1,0,0,1.79769313e+308
ens_Hydrogen_unstruct_mpi4,output_history,3.5e-05,0.476100861,6.498469,0.0,13.64935359778734,/Users/shimomurakazuya/SGI/UNPBVR/Integv350_uws/CS-IS-PBVR/Server/Example/C/s86_mpi_omp/ens_Hydrogen_unstruct_mpi4/ensemble_timer_summary.csv,ensemble_generate_particles_total,1,0,0,1.79769313e+308
ens_Hydrogen_unstruct_mpi4,cleanup_cells,8.9e-05,9.84722222e-05,0.000112,0.0,1.1373765869985617,/Users/shimomurakazuya/SGI/UNPBVR/Integv350_uws/CS-IS-PBVR/Server/Example/C/s86_mpi_omp/ens_Hydrogen_unstruct_mpi4/ensemble_timer_summary.csv,ensemble_generate_particles_total,1,0,0,1.79769313e+308
ens_Hydrogen_unstruct_mpi4,write_tf_file,0.93577,0.0259936111,0.93577,0.0,36.000000015388395,/Users/shimomurakazuya/SGI/UNPBVR/Integv350_uws/CS-IS-PBVR/Server/Example/C/s86_mpi_omp/ens_Hydrogen_unstruct_mpi4/ensemble_timer_summary.csv,ensemble_generate_particles_total,1,0,0,1.79769313e+308
ens_Hydrogen_unstruct_mpi4,async_io_wait,1.1e-05,0.231800667,3.390859,0.0,14.628340133292197,/Users/shimomurakazuya/SGI/UNPBVR/Integv350_uws/CS-IS-PBVR/Server/Example/C/s86_mpi_omp/ens_Hydrogen_unstruct_mpi4/ensemble_timer_summary.csv,ensemble_generate_particles_total,1,0,0,1.79769313e+308
ens_Hydrogen_unstruct_mpi4,final_barrier_state,3.9e-05,6.69176456,8.66834,0.0,1.2953743250046443,/Users/shimomurakazuya/SGI/UNPBVR/Integv350_uws/CS-IS-PBVR/Server/Example/C/s86_mpi_omp/ens_Hydrogen_unstruct_mpi4/ensemble_timer_summary.csv,ensemble_generate_particles_total,1,0,0,1.79769313e+308
ens_Hydrogen_unstruct_mpi4,ensemble_generate_particles_total,15.053634,15.0815792,15.087005,0.0,1.0003597633860517,/Users/shimomurakazuya/SGI/UNPBVR/Integv350_uws/CS-IS-PBVR/Server/Example/C/s86_mpi_omp/ens_Hydrogen_unstruct_mpi4/ensemble_timer_summary.csv,root,0,0,0,1.79769313e+308
ens_Hydrogen_unstruct_mpi4,set_parameter_path,0.000274,0.449668722,2.904378,0.0,6.458928224053795,/Users/shimomurakazuya/SGI/UNPBVR/Integv350_uws/CS-IS-PBVR/Server/Example/C/s86_mpi_omp/ens_Hydrogen_unstruct_mpi4/ensemble_timer_summary.csv,ensemble_generate_particles_total,1,0,0,1.79769313e+308
ens_Hydrogen_unstruct_mpi4,read_parameter_file,0.002263,2.45173564,2.903241,0.0,1.1841574404000588,/Users/shimomurakazuya/SGI/UNPBVR/Integv350_uws/CS-IS-PBVR/Server/Example/C/s86_mpi_omp/ens_Hydrogen_unstruct_mpi4/ensemble_timer_summary.csv,ensemble_generate_particles_total,1,0,0,1.79769313e+308
ens_Hydrogen_unstruct_mpi4,init_transfer_functions,0.000494,0.000514111111,0.000605,0.0,1.1767884160745166,/Users/shimomurakazuya/SGI/UNPBVR/Integv350_uws/CS-IS-PBVR/Server/Example/C/s86_mpi_omp/ens_Hydrogen_unstruct_mpi4/ensemble_timer_summary.csv,ensemble_generate_particles_total,1,0,0,1.79769313e+308
ens_Hydrogen_unstruct_mpi4,create_cells,0.000128,0.000425777778,0.00063,0.0,1.479645093173463,/Users/shimomurakazuya/SGI/UNPBVR/Integv350_uws/CS-IS-PBVR/Server/Example/C/s86_mpi_omp/ens_Hydrogen_unstruct_mpi4/ensemble_timer_summary.csv,ensemble_generate_particles_total,1,0,0,1.79769313e+308
ens_Hydrogen_unstruct_mpi4,sampling_prepare,2e-06,3.22222222e-06,1.9e-05,0.0,5.896551728204519,/Users/shimomurakazuya/SGI/UNPBVR/Integv350_uws/CS-IS-PBVR/Server/Example/C/s86_mpi_omp/ens_Hydrogen_unstruct_mpi4/ensemble_timer_summary.csv,ensemble_generate_particles_total,1,0,0,1.79769313e+308
ens_Hydrogen_unstruct_mpi4,omp_uniform_sampling,0.327788,0.331063778,0.333272,0.0,1.0066700803492916,/Users/shimomurakazuya/SGI/UNPBVR/Integv350_uws/CS-IS-PBVR/Server/Example/C/s86_mpi_omp/ens_Hydrogen_unstruct_mpi4/ensemble_timer_summary.csv,ensemble_generate_particles_total,1,0.200442456,0.3312,0.114214
ens_Hydrogen_unstruct_mpi4,uniform_thread_setup,1.79769313e+308,0.0,0.0,0.0,0.0,/Users/shimomurakazuya/SGI/UNPBVR/Integv350_uws/CS-IS-PBVR/Server/Example/C/s86_mpi_omp/ens_Hydrogen_unstruct_mpi4/ensemble_timer_summary.csv,omp_uniform_sampling,2,0.000140511574,0.000519,1.6e-05
ens_Hydrogen_unstruct_mpi4,uniform_cell_index_setup,1.79769313e+308,0.0,0.0,0.0,0.0,/Users/shimomurakazuya/SGI/UNPBVR/Integv350_uws/CS-IS-PBVR/Server/Example/C/s86_mpi_omp/ens_Hydrogen_unstruct_mpi4/ensemble_timer_summary.csv,omp_uniform_sampling,2,0.000100972222,0.000137,7.4e-05
ens_Hydrogen_unstruct_mpi4,uniform_bind_cell_array,1.79769313e+308,0.0,0.0,0.0,0.0,/Users/shimomurakazuya/SGI/UNPBVR/Integv350_uws/CS-IS-PBVR/Server/Example/C/s86_mpi_omp/ens_Hydrogen_unstruct_mpi4/ensemble_timer_summary.csv,omp_uniform_sampling,2,0.0155392569,0.016263,0.01507
ens_Hydrogen_unstruct_mpi4,uniform_volume_calculation,1.79769313e+308,0.0,0.0,0.0,0.0,/Users/shimomurakazuya/SGI/UNPBVR/Integv350_uws/CS-IS-PBVR/Server/Example/C/s86_mpi_omp/ens_Hydrogen_unstruct_mpi4/ensemble_timer_summary.csv,omp_uniform_sampling,2,0.0169320046,0.021828,0.016435
ens_Hydrogen_unstruct_mpi4,uniform_particle_count_calculation,1.79769313e+308,0.0,0.0,0.0,0.0,/Users/shimomurakazuya/SGI/UNPBVR/Integv350_uws/CS-IS-PBVR/Server/Example/C/s86_mpi_omp/ens_Hydrogen_unstruct_mpi4/ensemble_timer_summary.csv,omp_uniform_sampling,2,0.00315382176,0.003781,0.003003
ens_Hydrogen_unstruct_mpi4,uniform_particle_sampling_loop,1.79769313e+308,0.0,0.0,0.0,0.0,/Users/shimomurakazuya/SGI/UNPBVR/Integv350_uws/CS-IS-PBVR/Server/Example/C/s86_mpi_omp/ens_Hydrogen_unstruct_mpi4/ensemble_timer_summary.csv,omp_uniform_sampling,2,0.075084419,0.07654,0.071355
ens_Hydrogen_unstruct_mpi4,uniform_local_coord_generation,1.79769313e+308,0.0,0.0,0.0,0.0,/Users/shimomurakazuya/SGI/UNPBVR/Integv350_uws/CS-IS-PBVR/Server/Example/C/s86_mpi_omp/ens_Hydrogen_unstruct_mpi4/ensemble_timer_summary.csv,uniform_particle_sampling_loop,3,0.00552116435,0.006215,0.005261
ens_Hydrogen_unstruct_mpi4,uniform_flush_prepare,1.79769313e+308,0.0,0.0,0.0,0.0,/Users/shimomurakazuya/SGI/UNPBVR/Integv350_uws/CS-IS-PBVR/Server/Example/C/s86_mpi_omp/ens_Hydrogen_unstruct_mpi4/ensemble_timer_summary.csv,uniform_particle_sampling_loop,3,0.00826891667,0.00876,0.008001
ens_Hydrogen_unstruct_mpi4,uniform_calculate_scalars_array,1.79769313e+308,0.0,0.0,0.0,0.0,/Users/shimomurakazuya/SGI/UNPBVR/Integv350_uws/CS-IS-PBVR/Server/Example/C/s86_mpi_omp/ens_Hydrogen_unstruct_mpi4/ensemble_timer_summary.csv,uniform_particle_sampling_loop,3,0.0459074306,0.047572,0.044139
ens_Hydrogen_unstruct_mpi4,uniform_store_particle_data,1.79769313e+308,0.0,0.0,0.0,0.0,/Users/shimomurakazuya/SGI/UNPBVR/Integv350_uws/CS-IS-PBVR/Server/Example/C/s86_mpi_omp/ens_Hydrogen_unstruct_mpi4/ensemble_timer_summary.csv,uniform_particle_sampling_loop,3,0.00938963426,0.010521,0.006839
ens_Hydrogen_unstruct_mpi4,thread_particle_merge,1.79769313e+308,0.0,0.0,0.0,0.0,/Users/shimomurakazuya/SGI/UNPBVR/Integv350_uws/CS-IS-PBVR/Server/Example/C/s86_mpi_omp/ens_Hydrogen_unstruct_mpi4/ensemble_timer_summary.csv,omp_uniform_sampling,2,0.0886021157,0.218972,0.003446
ens_Hydrogen_unstruct_mpi4,mpi_shift_exchange,0.716711,0.760890056,0.901915,0.0,1.1853420778573034,/Users/shimomurakazuya/SGI/UNPBVR/Integv350_uws/CS-IS-PBVR/Server/Example/C/s86_mpi_omp/ens_Hydrogen_unstruct_mpi4/ensemble_timer_summary.csv,ensemble_generate_particles_total,1,0,0,1.79769313e+308
ens_Hydrogen_unstruct_mpi4,mpi_shift_size_exchange,0.000697,0.0140709722,0.138034,0.0,9.809841000183342,/Users/shimomurakazuya/SGI/UNPBVR/Integv350_uws/CS-IS-PBVR/Server/Example/C/s86_mpi_omp/ens_Hydrogen_unstruct_mpi4/ensemble_timer_summary.csv,mpi_shift_exchange,2,0,0,1.79769313e+308
ens_Hydrogen_unstruct_mpi4,mpi_shift_alloc_recv_buffer,0.109454,0.116852611,0.13241,0.0,1.1331368539124897,/Users/shimomurakazuya/SGI/UNPBVR/Integv350_uws/CS-IS-PBVR/Server/Example/C/s86_mpi_omp/ens_Hydrogen_unstruct_mpi4/ensemble_timer_summary.csv,mpi_shift_exchange,2,0,0,1.79769313e+308
ens_Hydrogen_unstruct_mpi4,mpi_shift_payload_all,0.145711,0.179227333,0.309833,0.0,1.7287151173532223,/Users/shimomurakazuya/SGI/UNPBVR/Integv350_uws/CS-IS-PBVR/Server/Example/C/s86_mpi_omp/ens_Hydrogen_unstruct_mpi4/ensemble_timer_summary.csv,mpi_shift_exchange,2,0,0,1.79769313e+308
ens_Hydrogen_unstruct_mpi4,omp_shift_interpolation,0.443716,0.45064225,0.62712,0.0,1.3916138577774275,/Users/shimomurakazuya/SGI/UNPBVR/Integv350_uws/CS-IS-PBVR/Server/Example/C/s86_mpi_omp/ens_Hydrogen_unstruct_mpi4/ensemble_timer_summary.csv,mpi_shift_exchange,2,0.450480593,0.62699,0.443509
ens_Hydrogen_unstruct_mpi4,shift_calculate_scalars_array,1.79769313e+308,0.0,0.0,0.0,0.0,/Users/shimomurakazuya/SGI/UNPBVR/Integv350_uws/CS-IS-PBVR/Server/Example/C/s86_mpi_omp/ens_Hydrogen_unstruct_mpi4/ensemble_timer_summary.csv,omp_shift_interpolation,3,0.358363421,0.385918,0.35663
ens_Hydrogen_unstruct_mpi4,stat_average_variance,0.012714,0.0132709444,0.014449,0.0,1.0887695377579911,/Users/shimomurakazuya/SGI/UNPBVR/Integv350_uws/CS-IS-PBVR/Server/Example/C/s86_mpi_omp/ens_Hydrogen_unstruct_mpi4/ensemble_timer_summary.csv,ensemble_generate_particles_total,1,0,0,1.79769313e+308
ens_Hydrogen_unstruct_mpi4,stat_histogram,0.008105,0.00854758333,0.009063,0.0,1.0602996952590107,/Users/shimomurakazuya/SGI/UNPBVR/Integv350_uws/CS-IS-PBVR/Server/Example/C/s86_mpi_omp/ens_Hydrogen_unstruct_mpi4/ensemble_timer_summary.csv,ensemble_generate_particles_total,1,0,0,1.79769313e+308
ens_Hydrogen_unstruct_mpi4,omp_rejection,0.022435,0.0227420556,0.023094,0.0,1.0154754876247862,/Users/shimomurakazuya/SGI/UNPBVR/Integv350_uws/CS-IS-PBVR/Server/Example/C/s86_mpi_omp/ens_Hydrogen_unstruct_mpi4/ensemble_timer_summary.csv,ensemble_generate_particles_total,1,0.0223113981,0.023084,0.021705
ens_Hydrogen_unstruct_mpi4,rejection_thread_merge,1.79769313e+308,0.0,0.0,0.0,0.0,/Users/shimomurakazuya/SGI/UNPBVR/Integv350_uws/CS-IS-PBVR/Server/Example/C/s86_mpi_omp/ens_Hydrogen_unstruct_mpi4/ensemble_timer_summary.csv,omp_rejection,2,0.000460641204,0.001059,2.5e-05
ens_Hydrogen_unstruct_mpi4,cleanup_tfs,0.000141,0.000154638889,0.00017,0.0,1.0993353683496783,/Users/shimomurakazuya/SGI/UNPBVR/Integv350_uws/CS-IS-PBVR/Server/Example/C/s86_mpi_omp/ens_Hydrogen_unstruct_mpi4/ensemble_timer_summary.csv,ensemble_generate_particles_total,1,0,0,1.79769313e+308
ens_Hydrogen_unstruct_mpi4,output_coord_minmax,1e-06,3.81944444e-05,0.001318,0.0,34.5076364037907,/Users/shimomurakazuya/SGI/UNPBVR/Integv350_uws/CS-IS-PBVR/Server/Example/C/s86_mpi_omp/ens_Hydrogen_unstruct_mpi4/ensemble_timer_summary.csv,ensemble_generate_particles_total,1,0,0,1.79769313e+308
ens_Hydrogen_unstruct_mpi4,output_particles_ave,0.001696,0.144747417,0.190319,0.0,1.314835207042071,/Users/shimomurakazuya/SGI/UNPBVR/Integv350_uws/CS-IS-PBVR/Server/Example/C/s86_mpi_omp/ens_Hydrogen_unstruct_mpi4/ensemble_timer_summary.csv,ensemble_generate_particles_total,1,0,0,1.79769313e+308
ens_Hydrogen_unstruct_mpi4,output_particles_var,0.001253,0.228590861,3.325783,0.0,14.549063709069278,/Users/shimomurakazuya/SGI/UNPBVR/Integv350_uws/CS-IS-PBVR/Server/Example/C/s86_mpi_omp/ens_Hydrogen_unstruct_mpi4/ensemble_timer_summary.csv,ensemble_generate_particles_total,1,0,0,1.79769313e+308
ens_Hydrogen_unstruct_mpi4,output_particles_cov,0.004738,0.945575611,3.652235,0.0,3.8624462787672305,/Users/shimomurakazuya/SGI/UNPBVR/Integv350_uws/CS-IS-PBVR/Server/Example/C/s86_mpi_omp/ens_Hydrogen_unstruct_mpi4/ensemble_timer_summary.csv,ensemble_generate_particles_total,1,0,0,1.79769313e+308
ens_Hydrogen_unstruct_mpi4,output_history,3.6e-05,0.484164333,7.584563,0.0,15.665265867488014,/Users/shimomurakazuya/SGI/UNPBVR/Integv350_uws/CS-IS-PBVR/Server/Example/C/s86_mpi_omp/ens_Hydrogen_unstruct_mpi4/ensemble_timer_summary.csv,ensemble_generate_particles_total,1,0,0,1.79769313e+308
ens_Hydrogen_unstruct_mpi4,cleanup_cells,9e-05,0.000111777778,0.000133,0.0,1.1898608326245312,/Users/shimomurakazuya/SGI/UNPBVR/Integv350_uws/CS-IS-PBVR/Server/Example/C/s86_mpi_omp/ens_Hydrogen_unstruct_mpi4/ensemble_timer_summary.csv,ensemble_generate_particles_total,1,0,0,1.79769313e+308
ens_Hydrogen_unstruct_mpi4,write_tf_file,0.005491,0.000152527778,0.005491,0.0,35.99999994755054,/Users/shimomurakazuya/SGI/UNPBVR/Integv350_uws/CS-IS-PBVR/Server/Example/C/s86_mpi_omp/ens_Hydrogen_unstruct_mpi4/ensemble_timer_summary.csv,ensemble_generate_particles_total,1,0,0,1.79769313e+308
ens_Hydrogen_unstruct_mpi4,async_io_wait,1.1e-05,0.279907028,3.913703,0.0,13.982153388445823,/Users/shimomurakazuya/SGI/UNPBVR/Integv350_uws/CS-IS-PBVR/Server/Example/C/s86_mpi_omp/ens_Hydrogen_unstruct_mpi4/ensemble_timer_summary.csv,ensemble_generate_particles_total,1,0,0,1.79769313e+308
ens_Hydrogen_unstruct_mpi4,final_barrier_state,4.2e-05,8.95441381,10.886527,0.0,1.2157721578426806,/Users/shimomurakazuya/SGI/UNPBVR/Integv350_uws/CS-IS-PBVR/Server/Example/C/s86_mpi_omp/ens_Hydrogen_unstruct_mpi4/ensemble_timer_summary.csv,ensemble_generate_particles_total,1,0,0,1.79769313e+308
ens_Hydrogen_unstruct_mpi4,ensemble_generate_particles_total,15.042826,15.0653039,15.066991,0.0,1.0001119857927327,/Users/shimomurakazuya/SGI/UNPBVR/Integv350_uws/CS-IS-PBVR/Server/Example/C/s86_mpi_omp/ens_Hydrogen_unstruct_mpi4/ensemble_timer_summary.csv,root,0,0,0,1.79769313e+308
ens_Hydrogen_unstruct_mpi4,set_parameter_path,0.0005,0.507702028,3.371816,0.0,6.641328602295833,/Users/shimomurakazuya/SGI/UNPBVR/Integv350_uws/CS-IS-PBVR/Server/Example/C/s86_mpi_omp/ens_Hydrogen_unstruct_mpi4/ensemble_timer_summary.csv,ensemble_generate_particles_total,1,0,0,1.79769313e+308
ens_Hydrogen_unstruct_mpi4,read_parameter_file,0.001703,2.86578356,3.374415,0.0,1.1774842479730045,/Users/shimomurakazuya/SGI/UNPBVR/Integv350_uws/CS-IS-PBVR/Server/Example/C/s86_mpi_omp/ens_Hydrogen_unstruct_mpi4/ensemble_timer_summary.csv,ensemble_generate_particles_total,1,0,0,1.79769313e+308
ens_Hydrogen_unstruct_mpi4,init_transfer_functions,0.000493,0.000503611111,0.000535,0.0,1.0623276339905852,/Users/shimomurakazuya/SGI/UNPBVR/Integv350_uws/CS-IS-PBVR/Server/Example/C/s86_mpi_omp/ens_Hydrogen_unstruct_mpi4/ensemble_timer_summary.csv,ensemble_generate_particles_total,1,0,0,1.79769313e+308
ens_Hydrogen_unstruct_mpi4,create_cells,0.000133,0.000474472222,0.000595,0.0,1.2540249405791348,/Users/shimomurakazuya/SGI/UNPBVR/Integv350_uws/CS-IS-PBVR/Server/Example/C/s86_mpi_omp/ens_Hydrogen_unstruct_mpi4/ensemble_timer_summary.csv,ensemble_generate_particles_total,1,0,0,1.79769313e+308
ens_Hydrogen_unstruct_mpi4,sampling_prepare,2e-06,3.38888889e-06,2.4e-05,0.0,7.081967210792798,/Users/shimomurakazuya/SGI/UNPBVR/Integv350_uws/CS-IS-PBVR/Server/Example/C/s86_mpi_omp/ens_Hydrogen_unstruct_mpi4/ensemble_timer_summary.csv,ensemble_generate_particles_total,1,0,0,1.79769313e+308
ens_Hydrogen_unstruct_mpi4,omp_uniform_sampling,0.32503,0.330426278,0.333173,0.0,1.0083126621061294,/Users/shimomurakazuya/SGI/UNPBVR/Integv350_uws/CS-IS-PBVR/Server/Example/C/s86_mpi_omp/ens_Hydrogen_unstruct_mpi4/ensemble_timer_summary.csv,ensemble_generate_particles_total,1,0.200130787,0.33117,0.114297
ens_Hydrogen_unstruct_mpi4,uniform_thread_setup,1.79769313e+308,0.0,0.0,0.0,0.0,/Users/shimomurakazuya/SGI/UNPBVR/Integv350_uws/CS-IS-PBVR/Server/Example/C/s86_mpi_omp/ens_Hydrogen_unstruct_mpi4/ensemble_timer_summary.csv,omp_uniform_sampling,2,0.000128819444,0.000603,1.4e-05
ens_Hydrogen_unstruct_mpi4,uniform_cell_index_setup,1.79769313e+308,0.0,0.0,0.0,0.0,/Users/shimomurakazuya/SGI/UNPBVR/Integv350_uws/CS-IS-PBVR/Server/Example/C/s86_mpi_omp/ens_Hydrogen_unstruct_mpi4/ensemble_timer_summary.csv,omp_uniform_sampling,2,0.000102925926,0.000139,7.3e-05
ens_Hydrogen_unstruct_mpi4,uniform_bind_cell_array,1.79769313e+308,0.0,0.0,0.0,0.0,/Users/shimomurakazuya/SGI/UNPBVR/Integv350_uws/CS-IS-PBVR/Server/Example/C/s86_mpi_omp/ens_Hydrogen_unstruct_mpi4/ensemble_timer_summary.csv,omp_uniform_sampling,2,0.0155131435,0.016085,0.015098
ens_Hydrogen_unstruct_mpi4,uniform_volume_calculation,1.79769313e+308,0.0,0.0,0.0,0.0,/Users/shimomurakazuya/SGI/UNPBVR/Integv350_uws/CS-IS-PBVR/Server/Example/C/s86_mpi_omp/ens_Hydrogen_unstruct_mpi4/ensemble_timer_summary.csv,omp_uniform_sampling,2,0.0168958009,0.019527,0.016172
ens_Hydrogen_unstruct_mpi4,uniform_particle_count_calculation,1.79769313e+308,0.0,0.0,0.0,0.0,/Users/shimomurakazuya/SGI/UNPBVR/Integv350_uws/CS-IS-PBVR/Server/Example/C/s86_mpi_omp/ens_Hydrogen_unstruct_mpi4/ensemble_timer_summary.csv,omp_uniform_sampling,2,0.00315431944,0.003398,0.003001
ens_Hydrogen_unstruct_mpi4,uniform_particle_sampling_loop,1.79769313e+308,0.0,0.0,0.0,0.0,/Users/shimomurakazuya/SGI/UNPBVR/Integv350_uws/CS-IS-PBVR/Server/Example/C/s86_mpi_omp/ens_Hydrogen_unstruct_mpi4/ensemble_timer_summary.csv,omp_uniform_sampling,2,0.0749099722,0.076663,0.07278
ens_Hydrogen_unstruct_mpi4,uniform_local_coord_generation,1.79769313e+308,0.0,0.0,0.0,0.0,/Users/shimomurakazuya/SGI/UNPBVR/Integv350_uws/CS-IS-PBVR/Server/Example/C/s86_mpi_omp/ens_Hydrogen_unstruct_mpi4/ensemble_timer_summary.csv,uniform_particle_sampling_loop,3,0.00553170833,0.00625,0.00522
ens_Hydrogen_unstruct_mpi4,uniform_flush_prepare,1.79769313e+308,0.0,0.0,0.0,0.0,/Users/shimomurakazuya/SGI/UNPBVR/Integv350_uws/CS-IS-PBVR/Server/Example/C/s86_mpi_omp/ens_Hydrogen_unstruct_mpi4/ensemble_timer_summary.csv,uniform_particle_sampling_loop,3,0.00826489815,0.008769,0.007984
ens_Hydrogen_unstruct_mpi4,uniform_calculate_scalars_array,1.79769313e+308,0.0,0.0,0.0,0.0,/Users/shimomurakazuya/SGI/UNPBVR/Integv350_uws/CS-IS-PBVR/Server/Example/C/s86_mpi_omp/ens_Hydrogen_unstruct_mpi4/ensemble_timer_summary.csv,uniform_particle_sampling_loop,3,0.0459164259,0.047599,0.044901
ens_Hydrogen_unstruct_mpi4,uniform_store_particle_data,1.79769313e+308,0.0,0.0,0.0,0.0,/Users/shimomurakazuya/SGI/UNPBVR/Integv350_uws/CS-IS-PBVR/Server/Example/C/s86_mpi_omp/ens_Hydrogen_unstruct_mpi4/ensemble_timer_summary.csv,uniform_particle_sampling_loop,3,0.00921055556,0.010603,0.006928
ens_Hydrogen_unstruct_mpi4,thread_particle_merge,1.79769313e+308,0.0,0.0,0.0,0.0,/Users/shimomurakazuya/SGI/UNPBVR/Integv350_uws/CS-IS-PBVR/Server/Example/C/s86_mpi_omp/ens_Hydrogen_unstruct_mpi4/ensemble_timer_summary.csv,omp_uniform_sampling,2,0.0884996852,0.219575,0.003437
ens_Hydrogen_unstruct_mpi4,mpi_shift_exchange,0.717466,0.721431056,0.727008,0.0,1.0077303908025828,/Users/shimomurakazuya/SGI/UNPBVR/Integv350_uws/CS-IS-PBVR/Server/Example/C/s86_mpi_omp/ens_Hydrogen_unstruct_mpi4/ensemble_timer_summary.csv,ensemble_generate_particles_total,1,0,0,1.79769313e+308
ens_Hydrogen_unstruct_mpi4,mpi_shift_size_exchange,0.000169,0.00653891667,0.021033,0.0,3.216587863322626,/Users/shimomurakazuya/SGI/UNPBVR/Integv350_uws/CS-IS-PBVR/Server/Example/C/s86_mpi_omp/ens_Hydrogen_unstruct_mpi4/ensemble_timer_summary.csv,mpi_shift_exchange,2,0,0,1.79769313e+308
ens_Hydrogen_unstruct_mpi4,mpi_shift_alloc_recv_buffer,0.108611,0.116394861,0.122485,0.0,1.0523230918244748,/Users/shimomurakazuya/SGI/UNPBVR/Integv350_uws/CS-IS-PBVR/Server/Example/C/s86_mpi_omp/ens_Hydrogen_unstruct_mpi4/ensemble_timer_summary.csv,mpi_shift_exchange,2,0,0,1.79769313e+308
ens_Hydrogen_unstruct_mpi4,mpi_shift_payload_all,0.144431,0.153350778,0.160203,0.0,1.0446833207458526,/Users/shimomurakazuya/SGI/UNPBVR/Integv350_uws/CS-IS-PBVR/Server/Example/C/s86_mpi_omp/ens_Hydrogen_unstruct_mpi4/ensemble_timer_summary.csv,mpi_shift_exchange,2,0,0,1.79769313e+308
ens_Hydrogen_unstruct_mpi4,omp_shift_interpolation,0.443557,0.445051222,0.451962,0.0,1.0155280508363596,/Users/shimomurakazuya/SGI/UNPBVR/Integv350_uws/CS-IS-PBVR/Server/Example/C/s86_mpi_omp/ens_Hydrogen_unstruct_mpi4/ensemble_timer_summary.csv,mpi_shift_exchange,2,0.444889132,0.451844,0.443353
ens_Hydrogen_unstruct_mpi4,shift_calculate_scalars_array,1.79769313e+308,0.0,0.0,0.0,0.0,/Users/shimomurakazuya/SGI/UNPBVR/Integv350_uws/CS-IS-PBVR/Server/Example/C/s86_mpi_omp/ens_Hydrogen_unstruct_mpi4/ensemble_timer_summary.csv,omp_shift_interpolation,3,0.358449294,0.365444,0.35604
ens_Hydrogen_unstruct_mpi4,stat_average_variance,0.012757,0.0132178889,0.013775,0.0,1.0421482662030848,/Users/shimomurakazuya/SGI/UNPBVR/Integv350_uws/CS-IS-PBVR/Server/Example/C/s86_mpi_omp/ens_Hydrogen_unstruct_mpi4/ensemble_timer_summary.csv,ensemble_generate_particles_total,1,0,0,1.79769313e+308
ens_Hydrogen_unstruct_mpi4,stat_histogram,0.008543,0.00870127778,0.008866,0.0,1.0189308081140238,/Users/shimomurakazuya/SGI/UNPBVR/Integv350_uws/CS-IS-PBVR/Server/Example/C/s86_mpi_omp/ens_Hydrogen_unstruct_mpi4/ensemble_timer_summary.csv,ensemble_generate_particles_total,1,0,0,1.79769313e+308
ens_Hydrogen_unstruct_mpi4,omp_rejection,0.022523,0.0227381944,0.022882,0.0,1.0063244071833601,/Users/shimomurakazuya/SGI/UNPBVR/Integv350_uws/CS-IS-PBVR/Server/Example/C/s86_mpi_omp/ens_Hydrogen_unstruct_mpi4/ensemble_timer_summary.csv,ensemble_generate_particles_total,1,0.0223079931,0.022872,0.021768
ens_Hydrogen_unstruct_mpi4,rejection_thread_merge,1.79769313e+308,0.0,0.0,0.0,0.0,/Users/shimomurakazuya/SGI/UNPBVR/Integv350_uws/CS-IS-PBVR/Server/Example/C/s86_mpi_omp/ens_Hydrogen_unstruct_mpi4/ensemble_timer_summary.csv,omp_rejection,2,0.000463453704,0.001027,2.7e-05
ens_Hydrogen_unstruct_mpi4,cleanup_tfs,0.00014,0.000154555556,0.000172,0.0,1.112868436771047,/Users/shimomurakazuya/SGI/UNPBVR/Integv350_uws/CS-IS-PBVR/Server/Example/C/s86_mpi_omp/ens_Hydrogen_unstruct_mpi4/ensemble_timer_summary.csv,ensemble_generate_particles_total,1,0,0,1.79769313e+308
ens_Hydrogen_unstruct_mpi4,output_coord_minmax,1e-06,3.82222222e-05,0.001315,0.0,34.40406978744423,/Users/shimomurakazuya/SGI/UNPBVR/Integv350_uws/CS-IS-PBVR/Server/Example/C/s86_mpi_omp/ens_Hydrogen_unstruct_mpi4/ensemble_timer_summary.csv,ensemble_generate_particles_total,1,0,0,1.79769313e+308
ens_Hydrogen_unstruct_mpi4,output_particles_ave,0.001577,0.00599625,0.009464,0.0,1.578319783197832,/Users/shimomurakazuya/SGI/UNPBVR/Integv350_uws/CS-IS-PBVR/Server/Example/C/s86_mpi_omp/ens_Hydrogen_unstruct_mpi4/ensemble_timer_summary.csv,ensemble_generate_particles_total,1,0,0,1.79769313e+308
ens_Hydrogen_unstruct_mpi4,output_particles_var,0.001174,0.299704528,4.464595,0.0,14.896655148299928,/Users/shimomurakazuya/SGI/UNPBVR/Integv350_uws/CS-IS-PBVR/Server/Example/C/s86_mpi_omp/ens_Hydrogen_unstruct_mpi4/ensemble_timer_summary.csv,ensemble_generate_particles_total,1,0,0,1.79769313e+308
ens_Hydrogen_unstruct_mpi4,output_particles_cov,0.004483,1.09864281,4.464777,0.0,4.063902261372829,/Users/shimomurakazuya/SGI/UNPBVR/Integv350_uws/CS-IS-PBVR/Server/Example/C/s86_mpi_omp/ens_Hydrogen_unstruct_mpi4/ensemble_timer_summary.csv,ensemble_generate_particles_total,1,0,0,1.79769313e+308
ens_Hydrogen_unstruct_mpi4,output_history,3.5e-05,0.541059583,8.190875,0.0,15.138582251115956,/Users/shimomurakazuya/SGI/UNPBVR/Integv350_uws/CS-IS-PBVR/Server/Example/C/s86_mpi_omp/ens_Hydrogen_unstruct_mpi4/ensemble_timer_summary.csv,ensemble_generate_particles_total,1,0,0,1.79769313e+308
ens_Hydrogen_unstruct_mpi4,cleanup_cells,8.6e-05,0.000100166667,0.000125,0.0,1.2479201289586686,/Users/shimomurakazuya/SGI/UNPBVR/Integv350_uws/CS-IS-PBVR/Server/Example/C/s86_mpi_omp/ens_Hydrogen_unstruct_mpi4/ensemble_timer_summary.csv,ensemble_generate_particles_total,1,0,0,1.79769313e+308
ens_Hydrogen_unstruct_mpi4,write_tf_file,0.005484,0.000152333333,0.005484,0.0,36.00000007877462,/Users/shimomurakazuya/SGI/UNPBVR/Integv350_uws/CS-IS-PBVR/Server/Example/C/s86_mpi_omp/ens_Hydrogen_unstruct_mpi4/ensemble_timer_summary.csv,ensemble_generate_particles_total,1,0,0,1.79769313e+308
ens_Hydrogen_unstruct_mpi4,async_io_wait,1e-05,0.271402861,5.074002,0.0,18.695462462350388,/Users/shimomurakazuya/SGI/UNPBVR/Integv350_uws/CS-IS-PBVR/Server/Example/C/s86_mpi_omp/ens_Hydrogen_unstruct_mpi4/ensemble_timer_summary.csv,ensemble_generate_particles_total,1,0,0,1.79769313e+308
ens_Hydrogen_unstruct_mpi4,final_barrier_state,4.1e-05,8.37226292,10.577645,0.0,1.2634152917882804,/Users/shimomurakazuya/SGI/UNPBVR/Integv350_uws/CS-IS-PBVR/Server/Example/C/s86_mpi_omp/ens_Hydrogen_unstruct_mpi4/ensemble_timer_summary.csv,ensemble_generate_particles_total,1,0,0,1.79769313e+308
