file,line,mpi_call,code
Example/C/s86_mpi_omp/ens_Hydrogen_unstruct_mpi4/Hydrogen.cpp,344,MPI_Comm_rank,"MPI_Comm_rank( MPI_COMM_WORLD, &mpi_rank );"
Example/C/s86_mpi_omp/ens_Hydrogen_unstruct_mpi4/main.cpp,22,MPI_Init,"MPI_Init( &argc, &argv );"
Example/C/s86_mpi_omp/ens_Hydrogen_unstruct_mpi4/main.cpp,24,MPI_Comm_rank,"MPI_Comm_rank( MPI_COMM_WORLD, &(mpi_rank) );"
Example/C/s86_mpi_omp/ens_Hydrogen_unstruct_mpi4/main.cpp,52,MPI_Comm_size,"MPI_Comm_size( MPI_COMM_WORLD, &ens_num );"
Example/C/s86_mpi_omp/ens_Hydrogen_unstruct_mpi4/main.cpp,73,MPI_Finalize,MPI_Finalize();
Example/C/s86_mpi_omp/Hydrogen_unstruct_tetra/Hydrogen.cpp,205,MPI_Comm_rank,"MPI_Comm_rank( MPI_COMM_WORLD, &mpi_rank );"
App/Server.cpp,354,MPI_Comm_size,"MPI_Comm_size( MPI_COMM_WORLD, &m_mpi_size );"
App/Server.cpp,355,MPI_Comm_rank,"MPI_Comm_rank( MPI_COMM_WORLD, &m_mpi_rank );"
InSituLib/struct/kvs_wrapper.cpp,41,MPI_Comm_rank,"MPI_Comm_rank( MPI_COMM_WORLD, &mpi_rank );"
InSituLib/struct/kvs_wrapper.cpp,74,MPI_Comm_rank,"MPI_Comm_rank( MPI_COMM_WORLD, &mpi_rank );"
InSituLib/struct/kvs_wrapper.cpp,75,MPI_Comm_size,"MPI_Comm_size( MPI_COMM_WORLD, &mpi_size );"
InSituLib/struct/kvs_wrapper.cpp,315,MPI_Barrier,MPI_Barrier( MPI_COMM_WORLD ); // すべてのプロセスでファイルの書き込む処理が終了するまで待機
InSituLib/struct/kvs_wrapper.cpp,351,MPI_Comm_rank,"MPI_Comm_rank( MPI_COMM_WORLD, &mpi_rank );"
InSituLib/struct/kvs_wrapper.cpp,388,MPI_Bcast,"MPI_Bcast( &size, 1, MPI_INT, 0, MPI_COMM_WORLD );"
InSituLib/struct/kvs_wrapper.cpp,395,MPI_Bcast,"MPI_Bcast( buf, size, MPI_CHARACTER, 0, MPI_COMM_WORLD );"
Example/C/s86_mpi_omp/Hydrogen_unstruct_tetra/main.cpp,24,MPI_Init,"MPI_Init( &argc, &argv );"
Example/C/s86_mpi_omp/Hydrogen_unstruct_tetra/main.cpp,25,MPI_Comm_rank,"MPI_Comm_rank( MPI_COMM_WORLD, &(mpi_rank) );"
Example/C/s86_mpi_omp/Hydrogen_unstruct_tetra/main.cpp,62,MPI_Finalize,MPI_Finalize();
App/main.cpp,19,MPI_Init,"MPI_Init( &argc, &argv );"
App/main.cpp,25,MPI_Comm_rank,"MPI_Comm_rank( MPI_COMM_WORLD, &rank );"
App/main.cpp,26,MPI_Comm_size,"MPI_Comm_size( MPI_COMM_WORLD, &mpi_size );"
App/main.cpp,43,MPI_Finalize,MPI_Finalize();
Example/Fortran/Hydrogen_AMR/Hydrogen_F.f90,122,MPI_Comm_rank,"! MPI_Comm_rank( MPI_COMM_WORLD, &mpi_rank );"
Example/Fortran/Hydrogen_AMR/Hydrogen_F.f90,123,MPI_Comm_rank,"call MPI_Comm_rank(MPI_COMM_WORLD, mpi_rank,ierr)"
Example/Fortran/Hydrogen_AMR/main_F.f90,135,MPI_Init,call MPI_Init(ierr)
Example/Fortran/Hydrogen_AMR/main_F.f90,144,MPI_Finalize,call MPI_Finalize(ierr)
Example/Fortran/Hydrogen_AMR/main_F.f90,187,MPI_Comm_rank,"!     MPI_Comm_rank( MPI_COMM_WORLD, &mpi_rank );"
Example/Fortran/Hydrogen_AMR/main_F.f90,300,MPI_Init,"!     MPI_Init( &argc, &argv );"
Example/Fortran/Hydrogen_AMR/main_F.f90,309,MPI_Finalize,!     MPI_Finalize();
App/ServerWorker.cpp,49,MPI_Bcast,"MPI_Bcast( &size, 1, MPI_INT, 0, MPI_COMM_WORLD );"
App/ServerWorker.cpp,61,MPI_Bcast,"MPI_Bcast( buf, size, MPI_BYTE, 0, MPI_COMM_WORLD );"
InSituLib/shared/kvs_wrapper_common.cpp,85,MPI_Comm_rank,"MPI_Comm_rank( MPI_COMM_WORLD, &mpi_rank );"
InSituLib/shared/kvs_wrapper_common.cpp,204,MPI_Comm_rank,"MPI_Comm_rank( MPI_COMM_WORLD, &mpi_rank );"
InSituLib/shared/kvs_wrapper_common.cpp,241,MPI_Bcast,"MPI_Bcast( &size, 1, MPI_INT, 0, MPI_COMM_WORLD );"
InSituLib/shared/kvs_wrapper_common.cpp,248,MPI_Bcast,"MPI_Bcast( buf, size, MPI_CHARACTER, 0, MPI_COMM_WORLD );"
InSituLib/shared/kvs_wrapper_common.cpp,269,MPI_Comm_rank,"MPI_Comm_rank( MPI_COMM_WORLD, &mpi_rank );"
InSituLib/shared/kvs_wrapper_common.cpp,306,MPI_Bcast,"MPI_Bcast( &size, 1, MPI_INT, 0, MPI_COMM_WORLD );"
InSituLib/shared/kvs_wrapper_common.cpp,313,MPI_Bcast,"MPI_Bcast( buf, size, MPI_CHARACTER, 0, MPI_COMM_WORLD );"
InSituLib/shared/kvs_wrapper_common.cpp,334,MPI_Comm_rank,"MPI_Comm_rank( MPI_COMM_WORLD, &mpi_rank );"
InSituLib/shared/kvs_wrapper_common.cpp,371,MPI_Bcast,"MPI_Bcast( &size, 1, MPI_INT, 0, MPI_COMM_WORLD );"
InSituLib/shared/kvs_wrapper_common.cpp,378,MPI_Bcast,"MPI_Bcast( buf, size, MPI_CHARACTER, 0, MPI_COMM_WORLD );"
InSituLib/shared/kvs_wrapper_common.cpp,486,MPI_Comm_rank,"MPI_Comm_rank( MPI_COMM_WORLD, &mpi_rank );"
InSituLib/shared/kvs_wrapper_common.cpp,513,MPI_Comm_size,"MPI_Comm_size( MPI_COMM_WORLD, &numprocs );"
InSituLib/shared/kvs_wrapper_common.cpp,514,MPI_Comm_rank,"MPI_Comm_rank( MPI_COMM_WORLD, &myrank );"
InSituLib/shared/kvs_wrapper_common.cpp,519,MPI_Allgather,"MPI_Allgather( procname,   MPI_MAX_PROCESSOR_NAME, MPI_CHAR,"
InSituLib/shared/kvs_wrapper_common.cpp,548,MPI_Comm_size,"MPI_Comm_size( new_comm, &split_numprocs );"
InSituLib/shared/kvs_wrapper_common.cpp,584,MPI_Comm_rank,"MPI_Comm_rank( new_comm, &new_rank );"
InSituLib/shared/kvs_wrapper_common.cpp,585,MPI_Comm_size,"MPI_Comm_size( new_comm, &new_number_of_process );"
InSituLib/shared/kvs_wrapper_common.cpp,600,MPI_Allgather,"MPI_Allgather( &particle_size, 1, MPI_INT,"
InSituLib/shared/kvs_wrapper_common.cpp,620,MPI_Gatherv,"MPI_Gatherv( tmp_coords.pointer(),   particle_size, MPI_FLOAT,"
InSituLib/shared/kvs_wrapper_common.cpp,624,MPI_Gatherv,"MPI_Gatherv( tmp_colors.pointer(),   particle_size, MPI_BYTE,"
InSituLib/shared/kvs_wrapper_common.cpp,628,MPI_Gatherv,"MPI_Gatherv( tmp_normals.pointer(),   particle_size, MPI_FLOAT,"
InSituLib/shared/kvs_wrapper_common.cpp,676,MPI_Reduce,"MPI_Reduce( c_bins, c_bins_recv, (tf_number * DEFAULT_NBINS), MPI_UNSIGNED_LONG, MPI_SUM, 0, MPI_COMM_WORLD );"
InSituLib/shared/kvs_wrapper_common.cpp,677,MPI_Reduce,"MPI_Reduce( o_bins, o_bins_recv, (tf_number * DEFAULT_NBINS), MPI_UNSIGNED_LONG, MPI_SUM, 0, MPI_COMM_WORLD );"
InSituLib/shared/kvs_wrapper_common.cpp,699,MPI_Reduce,"MPI_Reduce( max_array, max_array_recv, (tf_number * 2), MPI_FLOAT, MPI_MAX, 0, MPI_COMM_WORLD );"
InSituLib/shared/kvs_wrapper_common.cpp,700,MPI_Reduce,"MPI_Reduce( min_array, min_array_recv, (tf_number * 2), MPI_FLOAT, MPI_MIN, 0, MPI_COMM_WORLD );"
InSituLib/shared/kvs_wrapper_common.cpp,776,MPI_Comm_size,"MPI_Comm_size( MPI_COMM_WORLD, &mpi_size );"
InSituLib/shared/kvs_wrapper_common.cpp,777,MPI_Comm_rank,"MPI_Comm_rank( MPI_COMM_WORLD, &mpi_rank );"
InSituLib/shared/kvs_wrapper_common.cpp,813,MPI_Comm_rank,"MPI_Comm_rank( MPI_COMM_WORLD, &mpi_rank );"
InSituLib/shared/kvs_wrapper_common.cpp,814,MPI_Comm_size,"MPI_Comm_size( MPI_COMM_WORLD, &mpi_size );"
InSituLib/shared/kvs_wrapper_common.cpp,856,MPI_Comm_rank,"MPI_Comm_rank( MPI_COMM_WORLD, &mpi_rank );"
InSituLib/shared/kvs_wrapper_common.cpp,857,MPI_Comm_size,"MPI_Comm_size( MPI_COMM_WORLD, &mpi_size );"
App/TaskSignalTransferProtocol.cpp,19,MPI_Bcast,"MPI_Bcast( &size, 1, MPI_INT, 0, MPI_COMM_WORLD );"
App/TaskSignalTransferProtocol.cpp,34,MPI_Bcast,"MPI_Bcast( buf, size, MPI_BYTE, 0, MPI_COMM_WORLD );"
App/TaskSignalTransferProtocol.cpp,67,MPI_Bcast,"MPI_Bcast( &size, 1, MPI_INT, 0, MPI_COMM_WORLD );"
App/TaskSignalTransferProtocol.cpp,80,MPI_Bcast,"MPI_Bcast( buf, size, MPI_BYTE, 0, MPI_COMM_WORLD );"
App/TaskSignalTransferProtocol.cpp,91,MPI_Bcast,"MPI_Bcast( &size, 1, MPI_INT, 0, MPI_COMM_WORLD );"
App/TaskSignalTransferProtocol.cpp,99,MPI_Bcast,"MPI_Bcast( buf, size, MPI_BYTE, 0, MPI_COMM_WORLD );"
App/TaskSignalTransferProtocol.cpp,109,MPI_Bcast,"MPI_Bcast( &size, 1, MPI_INT, 0, MPI_COMM_WORLD );"
App/TaskSignalTransferProtocol.cpp,117,MPI_Bcast,"MPI_Bcast( buf, size, MPI_BYTE, 0, MPI_COMM_WORLD );"
App/TaskSignalTransferProtocol.cpp,128,MPI_Bcast,"MPI_Bcast( &size, 1, MPI_INT, 0, MPI_COMM_WORLD );"
App/TaskSignalTransferProtocol.cpp,136,MPI_Bcast,"MPI_Bcast( buf, size, MPI_BYTE, 0, MPI_COMM_WORLD );"
Example/C/s86_mpi_omp/ens_Hydrogen_unstruct/Hydrogen.cpp,174,MPI_Comm_rank,"MPI_Comm_rank( MPI_COMM_WORLD, &mpi_rank );"
Example/Fortran/Hydrogen_unstruct/Hydrogen_F.f90,307,MPI_Comm_rank,"call MPI_Comm_rank(MPI_COMM_WORLD, mpi_rank,ierr)"
Example/Fortran/Hydrogen_unstruct/Hydrogen_F.f90,542,MPI_Comm_rank,"!     MPI_Comm_rank( MPI_COMM_WORLD, &mpi_rank );"
Example/C/s86_mpi_omp/ens_Hydrogen_unstruct/main.cpp,22,MPI_Init,"MPI_Init( &argc, &argv );"
Example/C/s86_mpi_omp/ens_Hydrogen_unstruct/main.cpp,24,MPI_Comm_rank,"MPI_Comm_rank( MPI_COMM_WORLD, &(mpi_rank) );"
Example/C/s86_mpi_omp/ens_Hydrogen_unstruct/main.cpp,52,MPI_Comm_size,"MPI_Comm_size( MPI_COMM_WORLD, &ens_num );"
Example/C/s86_mpi_omp/ens_Hydrogen_unstruct/main.cpp,69,MPI_Finalize,MPI_Finalize();
Example/Fortran/Hydrogen_unstruct/main_F.f90,26,MPI_Init,call MPI_Init(ierr)
Example/Fortran/Hydrogen_unstruct/main_F.f90,72,MPI_Finalize,call MPI_Finalize(ierr)
Example/Fortran/Hydrogen_unstruct/main_F.f90,91,MPI_Init,"!     MPI_Init( &argc, &argv );"
Example/Fortran/Hydrogen_unstruct/main_F.f90,93,MPI_Comm_rank,"!     MPI_Comm_rank( MPI_COMM_WORLD, &(mpi_rank) );"
Example/Fortran/Hydrogen_unstruct/main_F.f90,138,MPI_Finalize,!     MPI_Finalize();
Example/C/s86_mpi_omp/Hydrogen_AMR/main.cpp,42,MPI_Comm_rank,"MPI_Comm_rank( MPI_COMM_WORLD, &mpi_rank );"
Example/C/s86_mpi_omp/Hydrogen_AMR/main.cpp,139,MPI_Init,"MPI_Init( &argc, &argv );"
Example/C/s86_mpi_omp/Hydrogen_AMR/main.cpp,150,MPI_Finalize,MPI_Finalize();
VisModule/ParallelProcess/JobCollector.cpp,42,MPI_Comm_size,"MPI_Comm_size( MPI_COMM_WORLD, &size );"
VisModule/ParallelProcess/JobCollector.cpp,43,MPI_Comm_rank,"MPI_Comm_rank( MPI_COMM_WORLD, &rank );"
VisModule/ParallelProcess/JobCollector.cpp,53,MPI_Recv,"MPI_Recv( &send_time, 1, MPI_DOUBLE_PRECISION, MPI_ANY_SOURCE, 1, MPI_COMM_WORLD, &stat );"
VisModule/ParallelProcess/JobCollector.cpp,64,MPI_Recv,"MPI_Recv( &m_pack_size, sizeof( size_t ), MPI_BYTE, src, 1, MPI_COMM_WORLD, &stat );"
VisModule/ParallelProcess/JobCollector.cpp,67,MPI_Recv,"MPI_Recv( &m_nvertices_list_size, sizeof( size_t ), MPI_BYTE, src, 1, MPI_COMM_WORLD, &stat );"
VisModule/ParallelProcess/JobCollector.cpp,73,MPI_Recv,"MPI_Recv( &m_nvertices_list[0]  , sizeof( size_t )*m_nvertices_list_size, MPI_BYTE, src, 1, MPI_COMM_WORLD, &stat );"
VisModule/ParallelProcess/JobCollector.cpp,82,MPI_Recv,"MPI_Recv( m_pack_coords , m_pack_size, MPI_FLOAT, src, 1, MPI_COMM_WORLD, &stat );"
VisModule/ParallelProcess/JobCollector.cpp,83,MPI_Recv,"MPI_Recv( m_pack_colors , m_pack_size, MPI_UNSIGNED_CHAR, src, 1, MPI_COMM_WORLD, &stat );"
VisModule/ParallelProcess/JobCollector.cpp,84,MPI_Recv,"MPI_Recv( m_pack_normals, m_pack_size, MPI_FLOAT, src, 1, MPI_COMM_WORLD, &stat );"
VisModule/ParallelProcess/JobCollector.cpp,91,MPI_Recv,"MPI_Recv( &vr_s, 1, MPI_UNSIGNED, src, 1, MPI_COMM_WORLD, &stat );"
VisModule/ParallelProcess/JobCollector.cpp,93,MPI_Recv,"MPI_Recv( vr_buf, vr_s, MPI_BYTE, src, 1, MPI_COMM_WORLD, &stat  );"
VisModule/ParallelProcess/JobCollector.cpp,101,MPI_Recv,"MPI_Recv( &sub_invalid, sizeof( bool ), MPI_BYTE, src, 1, MPI_COMM_WORLD, &stat );"
VisModule/ParallelProcess/JobCollector.cpp,157,MPI_Send,"MPI_Send( &send_time, 1, MPI_DOUBLE_PRECISION, 0, 1, MPI_COMM_WORLD );"
VisModule/ParallelProcess/JobCollector.cpp,160,MPI_Send,"MPI_Send( &m_pack_size, sizeof( size_t ), MPI_BYTE, 0, 1, MPI_COMM_WORLD );"
VisModule/ParallelProcess/JobCollector.cpp,163,MPI_Send,"MPI_Send( &nvertices_list_size, sizeof( size_t ), MPI_BYTE, 0, 1, MPI_COMM_WORLD );"
VisModule/ParallelProcess/JobCollector.cpp,166,MPI_Send,"MPI_Send( &m_nvertices_list[0], sizeof( size_t )*nvertices_list_size, MPI_BYTE, 0, 1, MPI_COMM_WORLD );"
VisModule/ParallelProcess/JobCollector.cpp,169,MPI_Send,"MPI_Send( m_pack_coords, m_pack_size, MPI_FLOAT, 0, 1, MPI_COMM_WORLD );"
VisModule/ParallelProcess/JobCollector.cpp,170,MPI_Send,"MPI_Send( m_pack_colors, m_pack_size, MPI_UNSIGNED_CHAR, 0, 1, MPI_COMM_WORLD );"
VisModule/ParallelProcess/JobCollector.cpp,171,MPI_Send,"MPI_Send( m_pack_normals, m_pack_size, MPI_FLOAT, 0, 1, MPI_COMM_WORLD );"
VisModule/ParallelProcess/JobCollector.cpp,180,MPI_Send,"MPI_Send( &vr_s, 1, MPI_UNSIGNED, 0, 1, MPI_COMM_WORLD );"
VisModule/ParallelProcess/JobCollector.cpp,181,MPI_Send,"MPI_Send( vr_buf, vr_s, MPI_BYTE, 0, 1, MPI_COMM_WORLD );"
VisModule/ParallelProcess/JobCollector.cpp,185,MPI_Send,"MPI_Send( invalid, sizeof( bool ), MPI_BYTE, 0, 1, MPI_COMM_WORLD );"
VisModule/ParallelProcess/JobCollector.cpp,195,MPI_Comm_size,"MPI_Comm_size( MPI_COMM_WORLD, &size );"
VisModule/ParallelProcess/JobCollector.cpp,196,MPI_Comm_rank,"MPI_Comm_rank( MPI_COMM_WORLD, &rank );"
VisModule/ParallelProcess/JobCollector.cpp,206,MPI_Recv,"MPI_Recv( &send_time, 1, MPI_DOUBLE_PRECISION, MPI_ANY_SOURCE, 1, MPI_COMM_WORLD, &stat );"
VisModule/ParallelProcess/JobCollector.cpp,217,MPI_Recv,"MPI_Recv( &m_pack_size, sizeof( size_t ), MPI_BYTE, src, 1, MPI_COMM_WORLD, &stat );"
VisModule/ParallelProcess/JobCollector.cpp,221,MPI_Recv,"MPI_Recv( &m_nvertices_list_size, sizeof( size_t ), MPI_BYTE, src, 1, MPI_COMM_WORLD, &stat );"
VisModule/ParallelProcess/JobCollector.cpp,227,MPI_Recv,"MPI_Recv( &m_nvertices_list[0]  , sizeof( size_t )*m_nvertices_list_size, MPI_BYTE, src, 1, MPI_COMM_WORLD, &stat );"
VisModule/ParallelProcess/JobCollector.cpp,237,MPI_Recv,"MPI_Recv( m_pack_coords , m_pack_size, MPI_FLOAT, src, 1, MPI_COMM_WORLD, &stat );"
VisModule/ParallelProcess/JobCollector.cpp,238,MPI_Recv,"MPI_Recv( m_pack_colors , m_pack_size, MPI_UNSIGNED_CHAR, src, 1, MPI_COMM_WORLD, &stat );"
VisModule/ParallelProcess/JobCollector.cpp,239,MPI_Recv,"MPI_Recv( m_pack_directions, m_pack_size, MPI_FLOAT, src, 1, MPI_COMM_WORLD, &stat );"
VisModule/ParallelProcess/JobCollector.cpp,240,MPI_Recv,"MPI_Recv( m_pack_sizes, m_pack_size_div3, MPI_FLOAT, src, 1, MPI_COMM_WORLD, &stat );"
VisModule/ParallelProcess/JobCollector.cpp,247,MPI_Recv,"MPI_Recv( &sub_invalid, sizeof( bool ), MPI_BYTE, src, 1, MPI_COMM_WORLD, &stat );"
VisModule/ParallelProcess/JobCollector.cpp,311,MPI_Send,"MPI_Send( &send_time, 1, MPI_DOUBLE_PRECISION, 0, 1, MPI_COMM_WORLD );"
VisModule/ParallelProcess/JobCollector.cpp,314,MPI_Send,"MPI_Send( &m_pack_size, sizeof( size_t ), MPI_BYTE, 0, 1, MPI_COMM_WORLD );"
VisModule/ParallelProcess/JobCollector.cpp,317,MPI_Send,"MPI_Send( &nvertices_list_size, sizeof( size_t ), MPI_BYTE, 0, 1, MPI_COMM_WORLD );"
VisModule/ParallelProcess/JobCollector.cpp,320,MPI_Send,"MPI_Send( &m_nvertices_list[0], sizeof( size_t )*nvertices_list_size, MPI_BYTE, 0, 1, MPI_COMM_WORLD );"
VisModule/ParallelProcess/JobCollector.cpp,323,MPI_Send,"MPI_Send( m_pack_coords, m_pack_size, MPI_FLOAT, 0, 1, MPI_COMM_WORLD );"
VisModule/ParallelProcess/JobCollector.cpp,324,MPI_Send,"MPI_Send( m_pack_colors, m_pack_size, MPI_UNSIGNED_CHAR, 0, 1, MPI_COMM_WORLD );"
VisModule/ParallelProcess/JobCollector.cpp,325,MPI_Send,"MPI_Send( m_pack_directions, m_pack_size, MPI_FLOAT, 0, 1, MPI_COMM_WORLD );"
VisModule/ParallelProcess/JobCollector.cpp,326,MPI_Send,"MPI_Send( m_pack_sizes, m_pack_size_div3, MPI_FLOAT, 0, 1, MPI_COMM_WORLD );"
VisModule/ParallelProcess/JobCollector.cpp,333,MPI_Send,"MPI_Send( invalid, sizeof( bool ), MPI_BYTE, 0, 1, MPI_COMM_WORLD );"
VisModule/ParallelProcess/JobCollector.cpp,343,MPI_Comm_size,"MPI_Comm_size( MPI_COMM_WORLD, &size );"
VisModule/ParallelProcess/JobCollector.cpp,344,MPI_Comm_rank,"MPI_Comm_rank( MPI_COMM_WORLD, &rank );"
VisModule/ParallelProcess/JobCollector.cpp,354,MPI_Recv,"MPI_Recv( &send_time, 1, MPI_DOUBLE_PRECISION, MPI_ANY_SOURCE, 1, MPI_COMM_WORLD, &stat );"
VisModule/ParallelProcess/JobCollector.cpp,365,MPI_Recv,"MPI_Recv( &m_pack_size, sizeof( size_t ), MPI_BYTE, src, 1, MPI_COMM_WORLD, &stat );"
VisModule/ParallelProcess/JobCollector.cpp,368,MPI_Recv,"MPI_Recv( &m_nvertices_list_size, sizeof( size_t ), MPI_BYTE, src, 1, MPI_COMM_WORLD, &stat );"
VisModule/ParallelProcess/JobCollector.cpp,374,MPI_Recv,"MPI_Recv( &m_nvertices_list[0]  , sizeof( size_t )*m_nvertices_list_size, MPI_BYTE, src, 1, MPI_COMM_WORLD, &stat );"
VisModule/ParallelProcess/JobCollector.cpp,386,MPI_Recv,"MPI_Recv( axis_array   , m_pack_size, MPI_FLOAT, src, 1, MPI_COMM_WORLD, &stat );"
VisModule/ParallelProcess/JobCollector.cpp,387,MPI_Recv,"MPI_Recv( values_array , m_pack_size, MPI_FLOAT, src, 1, MPI_COMM_WORLD, &stat );"
VisModule/ParallelProcess/JobCollector.cpp,388,MPI_Recv,"MPI_Recv( mask_array  , m_pack_size, MPI_INT  , src, 1, MPI_COMM_WORLD, &stat );"
VisModule/ParallelProcess/JobCollector.cpp,395,MPI_Recv,"MPI_Recv( &sub_invalid, sizeof( bool ), MPI_BYTE, src, 1, MPI_COMM_WORLD, &stat );"
VisModule/ParallelProcess/JobCollector.cpp,457,MPI_Send,"MPI_Send( &send_time, 1, MPI_DOUBLE_PRECISION, 0, 1, MPI_COMM_WORLD );"
VisModule/ParallelProcess/JobCollector.cpp,460,MPI_Send,"MPI_Send( &m_pack_size, sizeof( size_t ), MPI_BYTE, 0, 1, MPI_COMM_WORLD );"
VisModule/ParallelProcess/JobCollector.cpp,463,MPI_Send,"MPI_Send( &nvertices_list_size, sizeof( size_t ), MPI_BYTE, 0, 1, MPI_COMM_WORLD );"
VisModule/ParallelProcess/JobCollector.cpp,466,MPI_Send,"MPI_Send( &m_nvertices_list[0], sizeof( size_t )*nvertices_list_size, MPI_BYTE, 0, 1, MPI_COMM_WORLD );"
VisModule/ParallelProcess/JobCollector.cpp,469,MPI_Send,"MPI_Send( axis.data()  , m_pack_size, MPI_FLOAT, 0, 1, MPI_COMM_WORLD );"
VisModule/ParallelProcess/JobCollector.cpp,470,MPI_Send,"MPI_Send( values.data(), m_pack_size, MPI_FLOAT, 0, 1, MPI_COMM_WORLD );"
VisModule/ParallelProcess/JobCollector.cpp,471,MPI_Send,"MPI_Send( mask.data()  , m_pack_size, MPI_INT, 0, 1, MPI_COMM_WORLD );"
VisModule/ParallelProcess/JobCollector.cpp,477,MPI_Send,"MPI_Send( invalid, sizeof( bool ), MPI_BYTE, 0, 1, MPI_COMM_WORLD );"
InSituLib/unstruct/kvs_wrapper.cpp,301,MPI_Reduce,MPI_Reduce(
InSituLib/unstruct/kvs_wrapper.cpp,309,MPI_Reduce,MPI_Reduce(
InSituLib/unstruct/kvs_wrapper.cpp,317,MPI_Reduce,MPI_Reduce(
InSituLib/unstruct/kvs_wrapper.cpp,325,MPI_Reduce,MPI_Reduce(
InSituLib/unstruct/kvs_wrapper.cpp,347,MPI_Reduce,"MPI_Reduce( &local, &sum, 1, MPI_DOUBLE, MPI_SUM, 0, MPI_COMM_WORLD );"
InSituLib/unstruct/kvs_wrapper.cpp,348,MPI_Reduce,"MPI_Reduce( &local, &max_value, 1, MPI_DOUBLE, MPI_MAX, 0, MPI_COMM_WORLD );"
InSituLib/unstruct/kvs_wrapper.cpp,349,MPI_Reduce,"MPI_Reduce( &local_min_candidate, &min_value, 1, MPI_DOUBLE, MPI_MIN, 0, MPI_COMM_WORLD );"
InSituLib/unstruct/kvs_wrapper.cpp,350,MPI_Reduce,"MPI_Reduce( &local_active, &active, 1, MPI_INT, MPI_SUM, 0, MPI_COMM_WORLD );"
InSituLib/unstruct/kvs_wrapper.cpp,375,MPI_Reduce,"MPI_Reduce( &thread_avg, &thread_avg_sum, 1, MPI_DOUBLE, MPI_SUM, 0, MPI_COMM_WORLD );"
InSituLib/unstruct/kvs_wrapper.cpp,376,MPI_Reduce,"MPI_Reduce( &thread_max, &thread_max_global, 1, MPI_DOUBLE, MPI_MAX, 0, MPI_COMM_WORLD );"
InSituLib/unstruct/kvs_wrapper.cpp,377,MPI_Reduce,"MPI_Reduce( &thread_min_candidate, &thread_min_global, 1, MPI_DOUBLE, MPI_MIN, 0, MPI_COMM_WORLD );"
InSituLib/unstruct/kvs_wrapper.cpp,378,MPI_Reduce,"MPI_Reduce( &local_thread_active, &thread_active, 1, MPI_INT, MPI_SUM, 0, MPI_COMM_WORLD );"
InSituLib/unstruct/kvs_wrapper.cpp,477,MPI_Comm_size,"MPI_Comm_size( MPI_COMM_WORLD, &numprocs );"
InSituLib/unstruct/kvs_wrapper.cpp,478,MPI_Comm_rank,"MPI_Comm_rank( MPI_COMM_WORLD, &myrank );"
InSituLib/unstruct/kvs_wrapper.cpp,481,MPI_Allgather,"MPI_Allgather( procname, MPI_MAX_PROCESSOR_NAME, MPI_CHAR,"
InSituLib/unstruct/kvs_wrapper.cpp,503,MPI_Comm_size,"MPI_Comm_size( new_comm, &split_numprocs );"
InSituLib/unstruct/kvs_wrapper.cpp,529,MPI_Comm_rank,"MPI_Comm_rank( new_comm, &new_rank );"
InSituLib/unstruct/kvs_wrapper.cpp,530,MPI_Comm_size,"MPI_Comm_size( new_comm, &new_number_of_process );"
InSituLib/unstruct/kvs_wrapper.cpp,540,MPI_Allgather,"MPI_Allgather( &particle_size, 1, MPI_INT,"
InSituLib/unstruct/kvs_wrapper.cpp,563,MPI_Gatherv,"MPI_Gatherv( tmp_coords.pointer(), particle_size, MPI_FLOAT,"
InSituLib/unstruct/kvs_wrapper.cpp,566,MPI_Gatherv,"MPI_Gatherv( tmp_colors.pointer(), particle_size, MPI_BYTE,"
InSituLib/unstruct/kvs_wrapper.cpp,569,MPI_Gatherv,"MPI_Gatherv( tmp_normals.pointer(), particle_size, MPI_FLOAT,"
InSituLib/unstruct/kvs_wrapper.cpp,826,MPI_Reduce,"MPI_Reduce( range.min_values.data(), min_recv.data(), tf_number * 2, MPI_FLOAT, MPI_MIN, 0, comm );"
InSituLib/unstruct/kvs_wrapper.cpp,827,MPI_Reduce,"MPI_Reduce( range.max_values.data(), max_recv.data(), tf_number * 2, MPI_FLOAT, MPI_MAX, 0, comm );"
InSituLib/unstruct/kvs_wrapper.cpp,828,MPI_Reduce,"MPI_Reduce( range.o_bins.data(), o_bins_recv.data(), tf_number * DEFAULT_NBINS, MPI_UNSIGNED_LONG, MPI_SUM, 0, comm );"
InSituLib/unstruct/kvs_wrapper.cpp,829,MPI_Reduce,"MPI_Reduce( range.c_bins.data(), c_bins_recv.data(), tf_number * DEFAULT_NBINS, MPI_UNSIGNED_LONG, MPI_SUM, 0, comm );"
InSituLib/unstruct/kvs_wrapper.cpp,961,MPI_Comm_rank,"MPI_Comm_rank( ensemble_comm, &mpi_rank );"
InSituLib/unstruct/kvs_wrapper.cpp,1015,MPI_Comm_rank,"MPI_Comm_rank( MPI_COMM_WORLD, &mpi_rank );"
InSituLib/unstruct/kvs_wrapper.cpp,1054,MPI_Comm_rank,"MPI_Comm_rank( MPI_COMM_WORLD, &mpi_rank );"
InSituLib/unstruct/kvs_wrapper.cpp,1055,MPI_Comm_size,"MPI_Comm_size( MPI_COMM_WORLD, &mpi_size );"
InSituLib/unstruct/kvs_wrapper.cpp,1303,MPI_Barrier,MPI_Barrier( MPI_COMM_WORLD ); // すべてのプロセスでファイルの書き込む処理が終了するまで待機
InSituLib/unstruct/kvs_wrapper.cpp,1646,MPI_Comm_rank,"MPI_Comm_rank( MPI_COMM_WORLD, &mpi_rank );"
InSituLib/unstruct/kvs_wrapper.cpp,1647,MPI_Comm_size,"MPI_Comm_size( MPI_COMM_WORLD, &mpi_size );"
InSituLib/unstruct/kvs_wrapper.cpp,2384,MPI_Sendrecv,"std::cout << ""PBVR_ENSEMBLE_STABLE_COMM=1: use MPI_Sendrecv for ensemble exchange."" << std::endl;"
InSituLib/unstruct/kvs_wrapper.cpp,2430,MPI_Sendrecv,MPI_Sendrecv(
InSituLib/unstruct/kvs_wrapper.cpp,2439,MPI_Isend,"MPI_Isend( &send_size, 1, MPI_INT, send_to, 0, MPI_COMM_WORLD, &reqs[0] );"
InSituLib/unstruct/kvs_wrapper.cpp,2440,MPI_Irecv,"MPI_Irecv( &recv_size, 1, MPI_INT, recv_from, 0, MPI_COMM_WORLD, &reqs[1] );"
InSituLib/unstruct/kvs_wrapper.cpp,2441,MPI_Waitall,"MPI_Waitall( 2, reqs, MPI_STATUSES_IGNORE );"
InSituLib/unstruct/kvs_wrapper.cpp,2474,MPI_Sendrecv,MPI_Sendrecv(
InSituLib/unstruct/kvs_wrapper.cpp,2484,MPI_Sendrecv,MPI_Sendrecv(
InSituLib/unstruct/kvs_wrapper.cpp,2494,MPI_Sendrecv,MPI_Sendrecv(
InSituLib/unstruct/kvs_wrapper.cpp,2504,MPI_Sendrecv,MPI_Sendrecv(
InSituLib/unstruct/kvs_wrapper.cpp,2514,MPI_Sendrecv,MPI_Sendrecv(
InSituLib/unstruct/kvs_wrapper.cpp,2524,MPI_Sendrecv,MPI_Sendrecv(
InSituLib/unstruct/kvs_wrapper.cpp,2542,MPI_Irecv,"MPI_Irecv( recv_cellids.data(), recv_size, MPI_INT, recv_from, 12, MPI_COMM_WORLD, &req_recv[0] );"
InSituLib/unstruct/kvs_wrapper.cpp,2543,MPI_Irecv,"MPI_Irecv( recv_scalars.data(), recv_size, MPI_FLOAT, recv_from, 10, MPI_COMM_WORLD, &req_recv[1] );"
InSituLib/unstruct/kvs_wrapper.cpp,2544,MPI_Irecv,"MPI_Irecv( recv_coords.data(), 3 * recv_size, MPI_FLOAT, recv_from, 11, MPI_COMM_WORLD, &req_recv[2] );"
InSituLib/unstruct/kvs_wrapper.cpp,2545,MPI_Irecv,"MPI_Irecv( recv_normals.data(), 3 * recv_size, MPI_FLOAT, recv_from, 13, MPI_COMM_WORLD, &req_recv[3] );"
InSituLib/unstruct/kvs_wrapper.cpp,2546,MPI_Irecv,"MPI_Irecv( recv_sq_scalars.data(), recv_size, MPI_FLOAT, recv_from, 14, MPI_COMM_WORLD, &req_recv[4] );"
InSituLib/unstruct/kvs_wrapper.cpp,2547,MPI_Irecv,"MPI_Irecv( recv_tmp_term.data(), 3 * recv_size, MPI_FLOAT, recv_from, 15, MPI_COMM_WORLD, &req_recv[5] );"
InSituLib/unstruct/kvs_wrapper.cpp,2548,MPI_Isend,"MPI_Isend( v_cellids[cur].data(), send_size, MPI_INT, send_to, 12, MPI_COMM_WORLD, &req_send[0] );"
InSituLib/unstruct/kvs_wrapper.cpp,2549,MPI_Isend,"MPI_Isend( v_scalars[cur].data(), send_size, MPI_FLOAT, send_to, 10, MPI_COMM_WORLD, &req_send[1] );"
InSituLib/unstruct/kvs_wrapper.cpp,2550,MPI_Isend,"MPI_Isend( v_coords[cur].data(), 3 * send_size, MPI_FLOAT, send_to, 11, MPI_COMM_WORLD, &req_send[2] );"
InSituLib/unstruct/kvs_wrapper.cpp,2551,MPI_Isend,"MPI_Isend( v_normals[cur].data(), 3 * send_size, MPI_FLOAT, send_to, 13, MPI_COMM_WORLD, &req_send[3] );"
InSituLib/unstruct/kvs_wrapper.cpp,2552,MPI_Isend,"MPI_Isend( v_sq[cur].data(), send_size, MPI_FLOAT, send_to, 14, MPI_COMM_WORLD, &req_send[4] );"
InSituLib/unstruct/kvs_wrapper.cpp,2553,MPI_Isend,"MPI_Isend( v_tmp[cur].data(), 3 * send_size, MPI_FLOAT, send_to, 15, MPI_COMM_WORLD, &req_send[5] );"
InSituLib/unstruct/kvs_wrapper.cpp,2554,MPI_Waitall,"MPI_Waitall( 6, req_recv, MPI_STATUSES_IGNORE );"
InSituLib/unstruct/kvs_wrapper.cpp,2555,MPI_Waitall,"MPI_Waitall( 6, req_send, MPI_STATUSES_IGNORE );"
InSituLib/unstruct/kvs_wrapper.cpp,3009,MPI_Barrier,MPI_Barrier( MPI_COMM_WORLD );
InSituLib/unstruct/kvs_wrapper.cpp,3046,MPI_Comm_rank,"MPI_Comm_rank( MPI_COMM_WORLD, &mpi_rank );"
InSituLib/unstruct/kvs_wrapper.cpp,3086,MPI_Bcast,"MPI_Bcast( &size, 1, MPI_INT, 0, MPI_COMM_WORLD );"
InSituLib/unstruct/kvs_wrapper.cpp,3093,MPI_Bcast,"MPI_Bcast( buf, size, MPI_CHARACTER, 0, MPI_COMM_WORLD );"
InSituLib/unstruct/kvs_wrapper.cpp,3194,MPI_Comm_rank,"MPI_Comm_rank( MPI_COMM_WORLD, &mpi_rank );"
InSituLib/unstruct/kvs_wrapper.cpp,3195,MPI_Comm_size,"MPI_Comm_size( MPI_COMM_WORLD, &mpi_size );"
InSituLib/unstruct/kvs_wrapper.cpp,3494,MPI_Barrier,MPI_Barrier( MPI_COMM_WORLD ); // すべてのプロセスでファイルの書き込む処理が終了するまで待機
InSituLib/unstruct/kvs_wrapper.cpp,3536,MPI_Allreduce,"MPI_Allreduce( &Xmin, &recv_Xmin, 1 , MPI_FLOAT, MPI_MIN, MPI_COMM_WORLD );"
InSituLib/unstruct/kvs_wrapper.cpp,3537,MPI_Allreduce,"MPI_Allreduce( &Ymin, &recv_Ymin, 1 , MPI_FLOAT, MPI_MIN, MPI_COMM_WORLD );"
InSituLib/unstruct/kvs_wrapper.cpp,3538,MPI_Allreduce,"MPI_Allreduce( &Zmin, &recv_Zmin, 1 , MPI_FLOAT, MPI_MIN, MPI_COMM_WORLD );"
InSituLib/unstruct/kvs_wrapper.cpp,3539,MPI_Allreduce,"MPI_Allreduce( &Xmax, &recv_Xmax, 1 , MPI_FLOAT, MPI_MAX, MPI_COMM_WORLD );"
InSituLib/unstruct/kvs_wrapper.cpp,3540,MPI_Allreduce,"MPI_Allreduce( &Ymax, &recv_Ymax, 1 , MPI_FLOAT, MPI_MAX, MPI_COMM_WORLD );"
InSituLib/unstruct/kvs_wrapper.cpp,3541,MPI_Allreduce,"MPI_Allreduce( &Zmax, &recv_Zmax, 1 , MPI_FLOAT, MPI_MAX, MPI_COMM_WORLD );"
Example/Fortran/Hydrogen_struct/Hydrogen_F.f90,197,MPI_Comm_rank,"call MPI_Comm_rank(MPI_COMM_WORLD, mpi_rank,ierr)"
Example/Fortran/Hydrogen_struct/main_F.f90,21,MPI_Init,call MPI_Init(ierr)
Example/Fortran/Hydrogen_struct/main_F.f90,62,MPI_Finalize,call MPI_Finalize(ierr)
VisModule/ParallelProcess/JobDispatcher.cpp,19,MPI_Comm_size,"MPI_Comm_size( MPI_COMM_WORLD, &size );"
VisModule/ParallelProcess/JobDispatcher.cpp,162,MPI_Comm_size,"MPI_Comm_size( MPI_COMM_WORLD, &size );"
VisModule/ParallelProcess/JobDispatcher.cpp,163,MPI_Comm_rank,"MPI_Comm_rank( MPI_COMM_WORLD, &rank );"
VisModule/ParallelProcess/JobDispatcher.cpp,269,MPI_Isend,"MPI_Isend( &( w->m_job_id_pack_size ), 1, MPI_INT, w->m_rank, 2, MPI_COMM_WORLD, &req[count] );"
VisModule/ParallelProcess/JobDispatcher.cpp,270,MPI_Isend,"MPI_Isend( &( w->m_job_id_pack[0] ), w->m_job_id_pack_size, MPI_INT, w->m_rank, 3, MPI_COMM_WORLD, &req2[count] );"
VisModule/ParallelProcess/JobDispatcher.cpp,288,MPI_Waitall,"MPI_Waitall( count, req, status );"
VisModule/ParallelProcess/JobDispatcher.cpp,289,MPI_Waitall,"MPI_Waitall( count, req2, status2 );"
VisModule/ParallelProcess/JobDispatcher.cpp,310,MPI_Recv,"MPI_Recv( &m_job_id_pack_recv_size, 1, MPI_INT, 0, 2, MPI_COMM_WORLD, &stat );"
VisModule/ParallelProcess/JobDispatcher.cpp,316,MPI_Recv,"MPI_Recv( &m_job_id_pack_recv[0], m_job_id_pack_recv_size, MPI_INT, 0, 3, MPI_COMM_WORLD, &stat2 );"
InSituLib/unstruct/EnsembleCellHistogram.cpp,36,MPI_Comm_rank,"MPI_Comm_rank( comm, &rank );"
InSituLib/unstruct/EnsembleCellHistogram.cpp,48,MPI_Comm_size,"MPI_Comm_size( comm, &size );"
InSituLib/unstruct/EnsembleCellHistogram.cpp,235,MPI_Allreduce,"MPI_Allreduce( local_sum.data(), sum_values.data(), static_cast<int>( value_count ), MPI_FLOAT, MPI_SUM, comm );"
InSituLib/unstruct/EnsembleCellHistogram.cpp,236,MPI_Allreduce,"MPI_Allreduce( local_sumsq.data(), sumsq_values.data(), static_cast<int>( value_count ), MPI_FLOAT, MPI_SUM, comm );"
InSituLib/unstruct/EnsembleCellHistogram.cpp,592,MPI_Allreduce,"MPI_Allreduce( const_cast<float*>( local_min.data() ), global_min.data(), nvariables, MPI_FLOAT, MPI_MIN, comm );"
InSituLib/unstruct/EnsembleCellHistogram.cpp,593,MPI_Allreduce,"MPI_Allreduce( const_cast<float*>( local_max.data() ), global_max.data(), nvariables, MPI_FLOAT, MPI_MAX, comm );"
InSituLib/unstruct/EnsembleCellHistogram.cpp,695,MPI_Reduce,MPI_Reduce(
InSituLib/unstruct/EnsembleCellHistogram.cpp,956,MPI_Allreduce,"// After MPI_Allreduce, statistic_values is replicated on every ensemble rank."
InSituLib/unstruct/EnsembleCellHistogram.cpp,958,MPI_Reduce,// ensemble_size times. MPI_Reduce keeps the same output path as the raw histogram API.
Example/C/s86_mpi_omp/Hydrogen_AMR/Hydrogen.h,74,MPI_Comm_rank,"MPI_Comm_rank( MPI_COMM_WORLD, &mpi_rank );"
Example/C/s86_mpi_omp/Hydrogen_unstruct/Hydrogen.cpp,155,MPI_Comm_rank,"MPI_Comm_rank( MPI_COMM_WORLD, &mpi_rank );"
Example/C/s86_mpi_omp/Hydrogen_unstruct/main.cpp,24,MPI_Init,"MPI_Init( &argc, &argv );"
Example/C/s86_mpi_omp/Hydrogen_unstruct/main.cpp,25,MPI_Comm_rank,"MPI_Comm_rank( MPI_COMM_WORLD, &(mpi_rank) );"
Example/C/s86_mpi_omp/Hydrogen_unstruct/main.cpp,62,MPI_Finalize,MPI_Finalize();
Example/C/s86_mpi_omp/Hydrogen_unstruct_pyramid/Hydrogen.cpp,191,MPI_Comm_rank,"MPI_Comm_rank( MPI_COMM_WORLD, &mpi_rank );"
InSituLib/AMR/kvs_wrapper.cpp,108,MPI_Comm_rank,"MPI_Comm_rank( MPI_COMM_WORLD, &mpi_rank );"
InSituLib/AMR/kvs_wrapper.cpp,139,MPI_Bcast,"MPI_Bcast( &size, 1, MPI_INT, 0, MPI_COMM_WORLD );"
InSituLib/AMR/kvs_wrapper.cpp,143,MPI_Bcast,"MPI_Bcast( buf, size, MPI_CHARACTER, 0, MPI_COMM_WORLD );"
InSituLib/AMR/kvs_wrapper.cpp,395,MPI_Comm_rank,"MPI_Comm_rank( MPI_COMM_WORLD, &mpi_rank );"
InSituLib/AMR/kvs_wrapper.cpp,502,MPI_Reduce,"MPI_Reduce( &(time.initialize), &initialize, 1, MPI_DOUBLE, MPI_MAX, 0, MPI_COMM_WORLD );"
InSituLib/AMR/kvs_wrapper.cpp,503,MPI_Reduce,"MPI_Reduce( &(time.sampling),   &sampling,   1, MPI_DOUBLE, MPI_MAX, 0, MPI_COMM_WORLD );"
InSituLib/AMR/kvs_wrapper.cpp,504,MPI_Reduce,"MPI_Reduce( &(time.writting),   &writting,   1, MPI_DOUBLE, MPI_MAX, 0, MPI_COMM_WORLD );"
InSituLib/AMR/kvs_wrapper.cpp,505,MPI_Reduce,"MPI_Reduce( &(time.mpi_reduce), &mpi_reduce, 1, MPI_DOUBLE, MPI_MAX, 0, MPI_COMM_WORLD );"
InSituLib/AMR/kvs_wrapper.cpp,506,MPI_Reduce,"MPI_Reduce( &(time.write_text), &write_text, 1, MPI_DOUBLE, MPI_MAX, 0, MPI_COMM_WORLD );"
InSituLib/AMR/kvs_wrapper.cpp,507,MPI_Reduce,"MPI_Reduce( &(time_total),      &total,      1, MPI_DOUBLE, MPI_MAX, 0, MPI_COMM_WORLD );"
InSituLib/AMR/kvs_wrapper.cpp,508,MPI_Reduce,"MPI_Reduce( &(time.nparticles), &nparticles, 1, MPI_INTEGER,MPI_SUM, 0, MPI_COMM_WORLD );"
InSituLib/AMR/kvs_wrapper.cpp,511,MPI_Comm_rank,"MPI_Comm_rank( MPI_COMM_WORLD, &mpi_rank );"
InSituLib/AMR/kvs_wrapper.cpp,544,MPI_Comm_rank,"MPI_Comm_rank( MPI_COMM_WORLD, &mpi_rank );"
InSituLib/AMR/kvs_wrapper.cpp,545,MPI_Comm_size,"MPI_Comm_size( MPI_COMM_WORLD, &mpi_size );"
InSituLib/AMR/kvs_wrapper.cpp,1224,MPI_Comm_size,"MPI_Comm_size( MPI_COMM_WORLD, &numprocs );"
InSituLib/AMR/kvs_wrapper.cpp,1225,MPI_Comm_rank,"MPI_Comm_rank( MPI_COMM_WORLD, &myrank );"
InSituLib/AMR/kvs_wrapper.cpp,1230,MPI_Allgather,"MPI_Allgather( procname,   MPI_MAX_PROCESSOR_NAME, MPI_CHAR,"
InSituLib/AMR/kvs_wrapper.cpp,1259,MPI_Comm_size,"MPI_Comm_size( new_comm, &split_numprocs );"
InSituLib/AMR/kvs_wrapper.cpp,1297,MPI_Comm_rank,"MPI_Comm_rank( new_comm, &new_rank );"
InSituLib/AMR/kvs_wrapper.cpp,1298,MPI_Comm_size,"MPI_Comm_size( new_comm, &new_number_of_process );"
InSituLib/AMR/kvs_wrapper.cpp,1308,MPI_Allgather,"MPI_Allgather( &particle_size, 1, MPI_INT,"
InSituLib/AMR/kvs_wrapper.cpp,1319,MPI_Gatherv,"MPI_Gatherv( coords.pointer(),   particle_size, MPI_FLOAT,"
InSituLib/AMR/kvs_wrapper.cpp,1323,MPI_Gatherv,"MPI_Gatherv( colors.pointer(),   particle_size, MPI_BYTE,"
InSituLib/AMR/kvs_wrapper.cpp,1327,MPI_Gatherv,"MPI_Gatherv( normals.pointer(),   particle_size, MPI_FLOAT,"
InSituLib/AMR/kvs_wrapper.cpp,1374,MPI_Reduce,"//if(mpi->rank==0)std::cout<<""MPI_Reduce""<<std::endl;"
InSituLib/AMR/kvs_wrapper.cpp,1375,MPI_Reduce,"MPI_Reduce( O_min.pointer(), O_min_recv.pointer(),"
InSituLib/AMR/kvs_wrapper.cpp,1377,MPI_Reduce,"MPI_Reduce( O_max.pointer(), O_max_recv.pointer(),"
InSituLib/AMR/kvs_wrapper.cpp,1379,MPI_Reduce,"MPI_Reduce( C_min.pointer(), C_min_recv.pointer(),"
InSituLib/AMR/kvs_wrapper.cpp,1381,MPI_Reduce,"MPI_Reduce( C_max.pointer(), C_max_recv.pointer(),"
InSituLib/AMR/kvs_wrapper.cpp,1384,MPI_Reduce,"//if(mpi->rank==0) std::cout<<""end MPI_Reduce""<<std::endl;"
InSituLib/AMR/kvs_wrapper.cpp,1388,MPI_Reduce,"MPI_Reduce( o_histogram.pointer(), o_histogram_recv.pointer(),"
InSituLib/AMR/kvs_wrapper.cpp,1392,MPI_Reduce,"MPI_Reduce( c_histogram.pointer(), c_histogram_recv.pointer(),"
Example/C/s86_mpi_omp/Hydrogen_unstruct_pyramid/main.cpp,24,MPI_Init,"MPI_Init( &argc, &argv );"
Example/C/s86_mpi_omp/Hydrogen_unstruct_pyramid/main.cpp,25,MPI_Comm_rank,"MPI_Comm_rank( MPI_COMM_WORLD, &(mpi_rank) );"
Example/C/s86_mpi_omp/Hydrogen_unstruct_pyramid/main.cpp,62,MPI_Finalize,MPI_Finalize();
Example/C/s86_mpi_omp/Hydrogen_unstruct_quadhexa/Hydrogen.cpp,472,MPI_Comm_rank,"MPI_Comm_rank( MPI_COMM_WORLD, &mpi_rank );"
Example/C/s86_mpi_omp/Hydrogen_unstruct_quadhexa/main.cpp,22,MPI_Init,"MPI_Init( &argc, &argv );"
Example/C/s86_mpi_omp/Hydrogen_unstruct_quadhexa/main.cpp,24,MPI_Comm_rank,"MPI_Comm_rank( MPI_COMM_WORLD, &(mpi_rank) );"
Example/C/s86_mpi_omp/Hydrogen_unstruct_quadhexa/main.cpp,55,MPI_Finalize,MPI_Finalize();
Example/C/s86_mpi_omp/Hydrogen_unstruct_prism/Hydrogen.cpp,164,MPI_Comm_rank,"MPI_Comm_rank( MPI_COMM_WORLD, &mpi_rank );"
Example/C/s86_mpi_omp/Hydrogen_unstruct_prism/main.cpp,24,MPI_Init,"MPI_Init( &argc, &argv );"
Example/C/s86_mpi_omp/Hydrogen_unstruct_prism/main.cpp,25,MPI_Comm_rank,"MPI_Comm_rank( MPI_COMM_WORLD, &(mpi_rank) );"
Example/C/s86_mpi_omp/Hydrogen_unstruct_prism/main.cpp,61,MPI_Finalize,MPI_Finalize();
Example/C/s86_mpi_omp/Hydrogen_unstruct_quadtetra/Hydrogen.cpp,628,MPI_Comm_rank,"MPI_Comm_rank( MPI_COMM_WORLD, &mpi_rank );"
Example/C/s86_mpi_omp/Hydrogen_unstruct_quadtetra/main.cpp,22,MPI_Init,"MPI_Init( &argc, &argv );"
Example/C/s86_mpi_omp/Hydrogen_unstruct_quadtetra/main.cpp,24,MPI_Comm_rank,"MPI_Comm_rank( MPI_COMM_WORLD, &(mpi_rank) );"
Example/C/s86_mpi_omp/Hydrogen_unstruct_quadtetra/main.cpp,55,MPI_Finalize,MPI_Finalize();
Example/C/s86_mpi_omp/Hydrogen_struct/Hydrogen.cpp,101,MPI_Comm_rank,"MPI_Comm_rank( MPI_COMM_WORLD, &(mpi_rank) );"
Example/C/s86_mpi_omp/Hydrogen_struct/main.cpp,49,MPI_Init,"MPI_Init( &argc, &argv );"
Example/C/s86_mpi_omp/Hydrogen_struct/main.cpp,50,MPI_Comm_rank,"MPI_Comm_rank( MPI_COMM_WORLD, &(mpi_rank) );"
Example/C/s86_mpi_omp/Hydrogen_struct/main.cpp,93,MPI_Finalize,MPI_Finalize();
VisModule/DaemonAndSampler/Daemon/Calculate.h,117,MPI_Comm_size,"MPI_Comm_size( MPI_COMM_WORLD, &nprocs );"
VisModule/DaemonAndSampler/Daemon/Calculate.h,118,MPI_Comm_rank,"MPI_Comm_rank( MPI_COMM_WORLD, &rank );"
VisModule/DaemonAndSampler/Daemon/Calculate.h,152,MPI_Allreduce,"MPI_Allreduce( MPI_IN_PLACE, &density_lev1, 1, MPI_DOUBLE, MPI_SUM, MPI_COMM_WORLD );"
VisModule/DaemonAndSampler/Daemon/Calculate.h,153,MPI_Allreduce,"MPI_Allreduce( MPI_IN_PLACE, &total_volume, 1, MPI_DOUBLE, MPI_SUM, MPI_COMM_WORLD );"
VisModule/DaemonAndSampler/Daemon/Calculate.h,195,MPI_Comm_size,"MPI_Comm_size( MPI_COMM_WORLD, &nprocs );"
VisModule/DaemonAndSampler/Daemon/Calculate.h,196,MPI_Comm_rank,"MPI_Comm_rank( MPI_COMM_WORLD, &rank );"
VisModule/DaemonAndSampler/Daemon/Calculate.h,234,MPI_Allreduce,"MPI_Allreduce( MPI_IN_PLACE, min_vec.data(), nvariable, MPI_DOUBLE, MPI_MIN, MPI_COMM_WORLD );"
VisModule/DaemonAndSampler/Daemon/Calculate.h,235,MPI_Allreduce,"MPI_Allreduce( MPI_IN_PLACE, max_vec.data(), nvariable, MPI_DOUBLE, MPI_MAX, MPI_COMM_WORLD );"
VisModule/DaemonAndSampler/Daemon/Calculate.h,300,MPI_Comm_size,"MPI_Comm_size( MPI_COMM_WORLD, &nprocs );"
VisModule/DaemonAndSampler/Daemon/Calculate.h,301,MPI_Comm_rank,"MPI_Comm_rank( MPI_COMM_WORLD, &rank );"
VisModule/DaemonAndSampler/Daemon/Calculate.h,400,MPI_Allreduce,"MPI_Allreduce( MPI_IN_PLACE, min_vec.data(), nvariablep2, MPI_FLOAT, MPI_MIN, MPI_COMM_WORLD );"
VisModule/DaemonAndSampler/Daemon/Calculate.h,401,MPI_Allreduce,"MPI_Allreduce( MPI_IN_PLACE, max_vec.data(), nvariablep2, MPI_FLOAT, MPI_MAX, MPI_COMM_WORLD );"
VisModule/DaemonAndSampler/Daemon/Calculate.h,438,MPI_Comm_size,"MPI_Comm_size( MPI_COMM_WORLD, &nprocs );"
VisModule/DaemonAndSampler/Daemon/Calculate.h,439,MPI_Comm_rank,"MPI_Comm_rank( MPI_COMM_WORLD, &rank );"
VisModule/DaemonAndSampler/Daemon/Calculate.h,462,MPI_Bcast,"MPI_Bcast( &great_density, 1, MPI_FLOAT, 0, MPI_COMM_WORLD );"
VisModule/DaemonAndSampler/Daemon/Calculate.h,483,MPI_Allreduce,"MPI_Allreduce( MPI_IN_PLACE, &total_volume, 1, MPI_DOUBLE, MPI_SUM, MPI_COMM_WORLD );"
VisModule/DaemonAndSampler/Daemon/InitialStep.cpp,91,MPI_Comm_rank,"MPI_Comm_rank( MPI_COMM_WORLD, &rank );"
VisModule/DaemonAndSampler/Daemon/InitialStep.cpp,92,MPI_Comm_size,"MPI_Comm_size( MPI_COMM_WORLD, &mpi_size );"
VisModule/DaemonAndSampler/Daemon/InitialStep.cpp,214,MPI_Comm_rank,"MPI_Comm_rank( MPI_COMM_WORLD, &rank );"
VisModule/DaemonAndSampler/Daemon/InitialStep.cpp,215,MPI_Comm_size,"MPI_Comm_size( MPI_COMM_WORLD, &mpi_size );"
VisModule/DaemonAndSampler/Daemon/InitialStep.cpp,390,MPI_Allreduce,"MPI_Allreduce( MPI_IN_PLACE, tmp_max, ( tf_number * 2 ), MPI_FLOAT, MPI_MAX, MPI_COMM_WORLD );"
VisModule/DaemonAndSampler/Daemon/InitialStep.cpp,391,MPI_Allreduce,"MPI_Allreduce( MPI_IN_PLACE, tmp_min, ( tf_number * 2 ), MPI_FLOAT, MPI_MIN, MPI_COMM_WORLD );"
VisModule/DaemonAndSampler/Daemon/InitialStep.cpp,567,MPI_Allreduce,"MPI_Allreduce( MPI_IN_PLACE, tmp_c_bins, ( DEFAULT_NBINS * tf_number ), MPI_UNSIGNED_LONG, MPI_SUM , MPI_COMM_WORLD );"
VisModule/DaemonAndSampler/Daemon/InitialStep.cpp,568,MPI_Allreduce,"MPI_Allreduce( MPI_IN_PLACE, tmp_o_bins, ( DEFAULT_NBINS * tf_number ), MPI_UNSIGNED_LONG, MPI_SUM , MPI_COMM_WORLD );"
VisModule/DaemonAndSampler/Daemon/GeneratePOL.cpp,41,MPI_Comm_rank,"MPI_Comm_rank( MPI_COMM_WORLD, &rank );"
VisModule/DaemonAndSampler/Daemon/GeneratePOL.cpp,42,MPI_Comm_size,"MPI_Comm_size( MPI_COMM_WORLD, &mpi_size );"
VisModule/DaemonAndSampler/Daemon/Connect.cpp,151,MPI_Comm_rank,"MPI_Comm_rank( MPI_COMM_WORLD, &rank );"
VisModule/DaemonAndSampler/Daemon/Connect.cpp,152,MPI_Comm_size,"MPI_Comm_size( MPI_COMM_WORLD, &mpi_size );"
VisModule/DaemonAndSampler/Daemon/Connect.cpp,260,MPI_Bcast,"MPI_Bcast( &bsz, 1, MPI_INT, 0, MPI_COMM_WORLD );"
VisModule/DaemonAndSampler/Daemon/Connect.cpp,266,MPI_Bcast,"MPI_Bcast( buf, bsz, MPI_BYTE, 0, MPI_COMM_WORLD );"
VisModule/DaemonAndSampler/Daemon/Connect.cpp,279,MPI_Bcast,"MPI_Bcast( &bsz, 1, MPI_INT, 0, MPI_COMM_WORLD );"
VisModule/DaemonAndSampler/Daemon/Connect.cpp,288,MPI_Bcast,"MPI_Bcast( buf, bsz, MPI_BYTE, 0, MPI_COMM_WORLD );"
VisModule/DaemonAndSampler/Daemon/Connect.cpp,493,MPI_Bcast,"MPI_Bcast( &bsz, 1, MPI_INT, 0, MPI_COMM_WORLD ); // termination message"
VisModule/DaemonAndSampler/Daemon/Connect.cpp,526,MPI_Bcast,"MPI_Bcast( &bsz, 1, MPI_INT, 0, MPI_COMM_WORLD );"
VisModule/DaemonAndSampler/Daemon/Connect.cpp,536,MPI_Bcast,"MPI_Bcast( buf, bsz, MPI_BYTE, 0, MPI_COMM_WORLD );"
VisModule/DaemonAndSampler/Daemon/Connect.cpp,827,MPI_Bcast,"MPI_Bcast( &bsz, 1, MPI_INT, 0, MPI_COMM_WORLD ); // termination message"
VisModule/DaemonAndSampler/Daemon/Connect.cpp,832,MPI_Finalize,// MPI_Finalize();
VisModule/DaemonAndSampler/Daemon/Connect.cpp,842,MPI_Bcast,"MPI_Bcast( &bsz, 1, MPI_INT, 0, MPI_COMM_WORLD );"
VisModule/DaemonAndSampler/Daemon/Connect.cpp,848,MPI_Bcast,"MPI_Bcast( buf, bsz, MPI_BYTE, 0, MPI_COMM_WORLD );"
VisModule/DaemonAndSampler/Daemon/Connect.cpp,875,MPI_Bcast,"MPI_Bcast( &bsz, 1, MPI_INT, 0, MPI_COMM_WORLD ); // termination message"
VisModule/DaemonAndSampler/Daemon/Connect.cpp,876,MPI_Finalize,MPI_Finalize(); // 開けなくても停止しないよう変更  予定
VisModule/DaemonAndSampler/Daemon/Connect.cpp,934,MPI_Bcast,"MPI_Bcast( &bsz, 1, MPI_INT, 0, MPI_COMM_WORLD );"
VisModule/DaemonAndSampler/Daemon/Connect.cpp,939,MPI_Bcast,"MPI_Bcast( buf, bsz, MPI_BYTE, 0, MPI_COMM_WORLD );"
VisModule/DaemonAndSampler/Daemon/Connect.cpp,1035,MPI_Bcast,"MPI_Bcast( &bsz, 1, MPI_INT, 0, MPI_COMM_WORLD );"
VisModule/DaemonAndSampler/Daemon/Connect.cpp,1040,MPI_Bcast,"MPI_Bcast( buf, bsz, MPI_BYTE, 0, MPI_COMM_WORLD );"
VisModule/DaemonAndSampler/Daemon/Connect.cpp,1129,MPI_Bcast,"MPI_Bcast( &bsz, 1, MPI_INT, 0, MPI_COMM_WORLD );"
VisModule/DaemonAndSampler/Daemon/Connect.cpp,1134,MPI_Bcast,"MPI_Bcast( buf, bsz, MPI_BYTE, 0, MPI_COMM_WORLD );"
VisModule/DaemonAndSampler/Daemon/Connect.cpp,1223,MPI_Bcast,"MPI_Bcast( &bsz, 1, MPI_INT, 0, MPI_COMM_WORLD ); // termination message"
VisModule/DaemonAndSampler/Daemon/Connect.cpp,1228,MPI_Finalize,//    MPI_Finalize();
VisModule/DaemonAndSampler/Daemon/Connect.cpp,1651,MPI_Comm_rank,"MPI_Comm_rank( MPI_COMM_WORLD, &rank );"
VisModule/DaemonAndSampler/Daemon/Connect.cpp,1652,MPI_Comm_size,"MPI_Comm_size( MPI_COMM_WORLD, &mpi_size );"
VisModule/DaemonAndSampler/Daemon/GenerateParticle.cpp,92,MPI_Comm_rank,"MPI_Comm_rank( MPI_COMM_WORLD, &rank );"
VisModule/DaemonAndSampler/Daemon/GenerateParticle.cpp,93,MPI_Comm_size,"MPI_Comm_size( MPI_COMM_WORLD, &mpi_size );"
VisModule/DaemonAndSampler/Daemon/GenerateParticle.cpp,266,MPI_Allreduce,"MPI_Allreduce( MPI_IN_PLACE, tmp_max, ( tf_number * 2 ), MPI_FLOAT, MPI_MAX, MPI_COMM_WORLD );"
VisModule/DaemonAndSampler/Daemon/GenerateParticle.cpp,267,MPI_Allreduce,"MPI_Allreduce( MPI_IN_PLACE, tmp_min, ( tf_number * 2 ), MPI_FLOAT, MPI_MIN, MPI_COMM_WORLD );"
VisModule/DaemonAndSampler/Daemon/GenerateParticle.cpp,522,MPI_Allreduce,"MPI_Allreduce( MPI_IN_PLACE, tmp_c_bins, ( DEFAULT_NBINS * tf_number ), MPI_UNSIGNED_LONG, MPI_SUM , MPI_COMM_WORLD );"
VisModule/DaemonAndSampler/Daemon/GenerateParticle.cpp,523,MPI_Allreduce,"MPI_Allreduce( MPI_IN_PLACE, tmp_o_bins, ( DEFAULT_NBINS * tf_number ), MPI_UNSIGNED_LONG, MPI_SUM , MPI_COMM_WORLD );"
VisModule/DaemonAndSampler/Daemon/GenerateParticle.cpp,1023,MPI_Comm_rank,"MPI_Comm_rank( MPI_COMM_WORLD, &rank );"
VisModule/DaemonAndSampler/Daemon/GenerateParticle.cpp,1024,MPI_Comm_size,"MPI_Comm_size( MPI_COMM_WORLD, &mpi_size );"
VisModule/DaemonAndSampler/Daemon/GenerateGlyph.cpp,62,MPI_Comm_rank,"MPI_Comm_rank( MPI_COMM_WORLD, &rank );"
VisModule/DaemonAndSampler/Daemon/GenerateGlyph.cpp,63,MPI_Comm_size,"MPI_Comm_size( MPI_COMM_WORLD, &mpi_size );"
VisModule/DaemonAndSampler/Daemon/GenerateGlyph.cpp,346,MPI_Allreduce,"MPI_Allreduce( MPI_IN_PLACE, tmp_max, cnt, MPI_FLOAT, MPI_MAX , MPI_COMM_WORLD );"
VisModule/DaemonAndSampler/Daemon/GenerateGlyph.cpp,347,MPI_Allreduce,"MPI_Allreduce( MPI_IN_PLACE, tmp_min, cnt, MPI_FLOAT, MPI_MIN , MPI_COMM_WORLD );"
VisModule/Visualization/Mapper/CellByCellMinMax.cpp,235,MPI_Comm_rank,"MPI_Comm_rank( MPI_COMM_WORLD, &mpi_rank );"
VisModule/Visualization/Mapper/CellByCellMinMax.cpp,555,MPI_Comm_rank,"MPI_Comm_rank( MPI_COMM_WORLD, &mpi_rank );"
Example/C/gcc_mpi_omp/cavity_OpenFOAM_vtk/preprocessed.cpp,204991,MPI_Allgather,"__attribute__((visibility(""default""))) int MPI_Allgather(const void *sendbuf, int sendcount, MPI_Datatype sendtype,"
Example/C/gcc_mpi_omp/cavity_OpenFOAM_vtk/preprocessed.cpp,204997,MPI_Allgatherv,"__attribute__((visibility(""default""))) int MPI_Allgatherv(const void *sendbuf, int sendcount, MPI_Datatype sendtype,"
Example/C/gcc_mpi_omp/cavity_OpenFOAM_vtk/preprocessed.cpp,205005,MPI_Allreduce,"__attribute__((visibility(""default""))) int MPI_Allreduce(const void *sendbuf, void *recvbuf, int count,"
Example/C/gcc_mpi_omp/cavity_OpenFOAM_vtk/preprocessed.cpp,205009,MPI_Alltoall,"__attribute__((visibility(""default""))) int MPI_Alltoall(const void *sendbuf, int sendcount, MPI_Datatype sendtype,"
Example/C/gcc_mpi_omp/cavity_OpenFOAM_vtk/preprocessed.cpp,205015,MPI_Alltoallv,"__attribute__((visibility(""default""))) int MPI_Alltoallv(const void *sendbuf, const int sendcounts[], const int sdispls[],"
Example/C/gcc_mpi_omp/cavity_OpenFOAM_vtk/preprocessed.cpp,205021,MPI_Alltoallw,"__attribute__((visibility(""default""))) int MPI_Alltoallw(const void *sendbuf, const int sendcounts[], const int sdispls[], const MPI_Datatype sendtypes[],"
Example/C/gcc_mpi_omp/cavity_OpenFOAM_vtk/preprocessed.cpp,205027,MPI_Barrier,"__attribute__((visibility(""default""))) int MPI_Barrier(MPI_Comm comm);"
Example/C/gcc_mpi_omp/cavity_OpenFOAM_vtk/preprocessed.cpp,205029,MPI_Bcast,"__attribute__((visibility(""default""))) int MPI_Bcast(void *buffer, int count, MPI_Datatype datatype,"
Example/C/gcc_mpi_omp/cavity_OpenFOAM_vtk/preprocessed.cpp,205105,MPI_Comm_rank,"__attribute__((visibility(""default""))) int MPI_Comm_rank(MPI_Comm comm, int *rank);"
Example/C/gcc_mpi_omp/cavity_OpenFOAM_vtk/preprocessed.cpp,205112,MPI_Comm_size,"__attribute__((visibility(""default""))) int MPI_Comm_size(MPI_Comm comm, int *size);"
Example/C/gcc_mpi_omp/cavity_OpenFOAM_vtk/preprocessed.cpp,205234,MPI_Finalize,"__attribute__((visibility(""default""))) int MPI_Finalize(void);"
Example/C/gcc_mpi_omp/cavity_OpenFOAM_vtk/preprocessed.cpp,205235,MPI_Finalized,"__attribute__((visibility(""default""))) int MPI_Finalized(int *flag);"
Example/C/gcc_mpi_omp/cavity_OpenFOAM_vtk/preprocessed.cpp,205237,MPI_Gather,"__attribute__((visibility(""default""))) int MPI_Gather(const void *sendbuf, int sendcount, MPI_Datatype sendtype,"
Example/C/gcc_mpi_omp/cavity_OpenFOAM_vtk/preprocessed.cpp,205243,MPI_Gatherv,"__attribute__((visibility(""default""))) int MPI_Gatherv(const void *sendbuf, int sendcount, MPI_Datatype sendtype,"
Example/C/gcc_mpi_omp/cavity_OpenFOAM_vtk/preprocessed.cpp,205321,MPI_Init,"__attribute__((visibility(""default""))) int MPI_Init(int *argc, char ***argv);"
Example/C/gcc_mpi_omp/cavity_OpenFOAM_vtk/preprocessed.cpp,205322,MPI_Initialized,"__attribute__((visibility(""default""))) int MPI_Initialized(int *flag);"
Example/C/gcc_mpi_omp/cavity_OpenFOAM_vtk/preprocessed.cpp,205323,MPI_Init_thread,"__attribute__((visibility(""default""))) int MPI_Init_thread(int *argc, char ***argv, int required,"
Example/C/gcc_mpi_omp/cavity_OpenFOAM_vtk/preprocessed.cpp,205332,MPI_Irecv,"__attribute__((visibility(""default""))) int MPI_Irecv(void *buf, int count, MPI_Datatype datatype, int source,"
Example/C/gcc_mpi_omp/cavity_OpenFOAM_vtk/preprocessed.cpp,205336,MPI_Isend,"__attribute__((visibility(""default""))) int MPI_Isend(const void *buf, int count, MPI_Datatype datatype, int dest,"
Example/C/gcc_mpi_omp/cavity_OpenFOAM_vtk/preprocessed.cpp,205405,MPI_Recv_init,"__attribute__((visibility(""default""))) int MPI_Recv_init(void *buf, int count, MPI_Datatype datatype, int source,"
Example/C/gcc_mpi_omp/cavity_OpenFOAM_vtk/preprocessed.cpp,205407,MPI_Recv,"__attribute__((visibility(""default""))) int MPI_Recv(void *buf, int count, MPI_Datatype datatype, int source,"
Example/C/gcc_mpi_omp/cavity_OpenFOAM_vtk/preprocessed.cpp,205409,MPI_Reduce,"__attribute__((visibility(""default""))) int MPI_Reduce(const void *sendbuf, void *recvbuf, int count,"
Example/C/gcc_mpi_omp/cavity_OpenFOAM_vtk/preprocessed.cpp,205413,MPI_Reduce_local,"__attribute__((visibility(""default""))) int MPI_Reduce_local(const void *inbuf, void *inoutbuf, int count,"
Example/C/gcc_mpi_omp/cavity_OpenFOAM_vtk/preprocessed.cpp,205415,MPI_Reduce_scatter,"__attribute__((visibility(""default""))) int MPI_Reduce_scatter(const void *sendbuf, void *recvbuf, const int recvcounts[],"
Example/C/gcc_mpi_omp/cavity_OpenFOAM_vtk/preprocessed.cpp,205419,MPI_Reduce_scatter_block,"__attribute__((visibility(""default""))) int MPI_Reduce_scatter_block(const void *sendbuf, void *recvbuf, int recvcount,"
Example/C/gcc_mpi_omp/cavity_OpenFOAM_vtk/preprocessed.cpp,205465,MPI_Send_init,"__attribute__((visibility(""default""))) int MPI_Send_init(const void *buf, int count, MPI_Datatype datatype,"
Example/C/gcc_mpi_omp/cavity_OpenFOAM_vtk/preprocessed.cpp,205468,MPI_Send,"__attribute__((visibility(""default""))) int MPI_Send(const void *buf, int count, MPI_Datatype datatype, int dest,"
Example/C/gcc_mpi_omp/cavity_OpenFOAM_vtk/preprocessed.cpp,205470,MPI_Sendrecv,"__attribute__((visibility(""default""))) int MPI_Sendrecv(const void *sendbuf, int sendcount, MPI_Datatype sendtype,"
Example/C/gcc_mpi_omp/cavity_OpenFOAM_vtk/preprocessed.cpp,205474,MPI_Sendrecv_replace,"__attribute__((visibility(""default""))) int MPI_Sendrecv_replace(void * buf, int count, MPI_Datatype datatype,"
Example/C/gcc_mpi_omp/cavity_OpenFOAM_vtk/preprocessed.cpp,205583,MPI_Waitall,"__attribute__((visibility(""default""))) int MPI_Waitall(int count, MPI_Request array_of_requests[],"
Example/C/gcc_mpi_omp/cavity_OpenFOAM_vtk/preprocessed.cpp,205585,MPI_Waitany,"__attribute__((visibility(""default""))) int MPI_Waitany(int count, MPI_Request array_of_requests[],"
Example/C/gcc_mpi_omp/cavity_OpenFOAM_vtk/preprocessed.cpp,205587,MPI_Wait,"__attribute__((visibility(""default""))) int MPI_Wait(MPI_Request *request, MPI_Status *status);"
Example/C/gcc_mpi_omp/cavity_OpenFOAM_vtk/preprocessed.cpp,205588,MPI_Waitsome,"__attribute__((visibility(""default""))) int MPI_Waitsome(int incount, MPI_Request array_of_requests[],"
Example/C/gcc_mpi_omp/cavity_OpenFOAM_vtk/preprocessed.cpp,205650,MPI_Allgather,"__attribute__((visibility(""default""))) int PMPI_Allgather(const void *sendbuf, int sendcount, MPI_Datatype sendtype,"
Example/C/gcc_mpi_omp/cavity_OpenFOAM_vtk/preprocessed.cpp,205656,MPI_Allgatherv,"__attribute__((visibility(""default""))) int PMPI_Allgatherv(const void *sendbuf, int sendcount, MPI_Datatype sendtype,"
Example/C/gcc_mpi_omp/cavity_OpenFOAM_vtk/preprocessed.cpp,205664,MPI_Allreduce,"__attribute__((visibility(""default""))) int PMPI_Allreduce(const void *sendbuf, void *recvbuf, int count,"
Example/C/gcc_mpi_omp/cavity_OpenFOAM_vtk/preprocessed.cpp,205668,MPI_Alltoall,"__attribute__((visibility(""default""))) int PMPI_Alltoall(const void *sendbuf, int sendcount, MPI_Datatype sendtype,"
Example/C/gcc_mpi_omp/cavity_OpenFOAM_vtk/preprocessed.cpp,205674,MPI_Alltoallv,"__attribute__((visibility(""default""))) int PMPI_Alltoallv(const void *sendbuf, const int sendcounts[], const int sdispls[],"
Example/C/gcc_mpi_omp/cavity_OpenFOAM_vtk/preprocessed.cpp,205680,MPI_Alltoallw,"__attribute__((visibility(""default""))) int PMPI_Alltoallw(const void *sendbuf, const int sendcounts[], const int sdispls[], const MPI_Datatype sendtypes[],"
Example/C/gcc_mpi_omp/cavity_OpenFOAM_vtk/preprocessed.cpp,205707,MPI_Barrier,"__attribute__((visibility(""default""))) int PMPI_Barrier(MPI_Comm comm);"
Example/C/gcc_mpi_omp/cavity_OpenFOAM_vtk/preprocessed.cpp,205709,MPI_Bcast,"__attribute__((visibility(""default""))) int PMPI_Bcast(void *buffer, int count, MPI_Datatype datatype,"
Example/C/gcc_mpi_omp/cavity_OpenFOAM_vtk/preprocessed.cpp,205764,MPI_Comm_rank,"__attribute__((visibility(""default""))) int PMPI_Comm_rank(MPI_Comm comm, int *rank);"
Example/C/gcc_mpi_omp/cavity_OpenFOAM_vtk/preprocessed.cpp,205771,MPI_Comm_size,"__attribute__((visibility(""default""))) int PMPI_Comm_size(MPI_Comm comm, int *size);"
Example/C/gcc_mpi_omp/cavity_OpenFOAM_vtk/preprocessed.cpp,205893,MPI_Finalize,"__attribute__((visibility(""default""))) int PMPI_Finalize(void);"
Example/C/gcc_mpi_omp/cavity_OpenFOAM_vtk/preprocessed.cpp,205894,MPI_Finalized,"__attribute__((visibility(""default""))) int PMPI_Finalized(int *flag);"
Example/C/gcc_mpi_omp/cavity_OpenFOAM_vtk/preprocessed.cpp,205896,MPI_Gather,"__attribute__((visibility(""default""))) int PMPI_Gather(const void *sendbuf, int sendcount, MPI_Datatype sendtype,"
Example/C/gcc_mpi_omp/cavity_OpenFOAM_vtk/preprocessed.cpp,205902,MPI_Gatherv,"__attribute__((visibility(""default""))) int PMPI_Gatherv(const void *sendbuf, int sendcount, MPI_Datatype sendtype,"
Example/C/gcc_mpi_omp/cavity_OpenFOAM_vtk/preprocessed.cpp,205982,MPI_Init,"__attribute__((visibility(""default""))) int PMPI_Init(int *argc, char ***argv);"
Example/C/gcc_mpi_omp/cavity_OpenFOAM_vtk/preprocessed.cpp,205983,MPI_Initialized,"__attribute__((visibility(""default""))) int PMPI_Initialized(int *flag);"
Example/C/gcc_mpi_omp/cavity_OpenFOAM_vtk/preprocessed.cpp,205984,MPI_Init_thread,"__attribute__((visibility(""default""))) int PMPI_Init_thread(int *argc, char ***argv, int required,"
Example/C/gcc_mpi_omp/cavity_OpenFOAM_vtk/preprocessed.cpp,205993,MPI_Irecv,"__attribute__((visibility(""default""))) int PMPI_Irecv(void *buf, int count, MPI_Datatype datatype, int source,"
Example/C/gcc_mpi_omp/cavity_OpenFOAM_vtk/preprocessed.cpp,205997,MPI_Isend,"__attribute__((visibility(""default""))) int PMPI_Isend(const void *buf, int count, MPI_Datatype datatype, int dest,"
Example/C/gcc_mpi_omp/cavity_OpenFOAM_vtk/preprocessed.cpp,206066,MPI_Recv_init,"__attribute__((visibility(""default""))) int PMPI_Recv_init(void *buf, int count, MPI_Datatype datatype, int source,"
Example/C/gcc_mpi_omp/cavity_OpenFOAM_vtk/preprocessed.cpp,206068,MPI_Recv,"__attribute__((visibility(""default""))) int PMPI_Recv(void *buf, int count, MPI_Datatype datatype, int source,"
Example/C/gcc_mpi_omp/cavity_OpenFOAM_vtk/preprocessed.cpp,206070,MPI_Reduce,"__attribute__((visibility(""default""))) int PMPI_Reduce(const void *sendbuf, void *recvbuf, int count,"
Example/C/gcc_mpi_omp/cavity_OpenFOAM_vtk/preprocessed.cpp,206074,MPI_Reduce_local,"__attribute__((visibility(""default""))) int PMPI_Reduce_local(const void *inbuf, void *inoutbuf, int count,"
Example/C/gcc_mpi_omp/cavity_OpenFOAM_vtk/preprocessed.cpp,206076,MPI_Reduce_scatter,"__attribute__((visibility(""default""))) int PMPI_Reduce_scatter(const void *sendbuf, void *recvbuf, const int recvcounts[],"
Example/C/gcc_mpi_omp/cavity_OpenFOAM_vtk/preprocessed.cpp,206080,MPI_Reduce_scatter_block,"__attribute__((visibility(""default""))) int PMPI_Reduce_scatter_block(const void *sendbuf, void *recvbuf, int recvcount,"
Example/C/gcc_mpi_omp/cavity_OpenFOAM_vtk/preprocessed.cpp,206126,MPI_Send_init,"__attribute__((visibility(""default""))) int PMPI_Send_init(const void *buf, int count, MPI_Datatype datatype,"
Example/C/gcc_mpi_omp/cavity_OpenFOAM_vtk/preprocessed.cpp,206129,MPI_Send,"__attribute__((visibility(""default""))) int PMPI_Send(const void *buf, int count, MPI_Datatype datatype, int dest,"
Example/C/gcc_mpi_omp/cavity_OpenFOAM_vtk/preprocessed.cpp,206131,MPI_Sendrecv,"__attribute__((visibility(""default""))) int PMPI_Sendrecv(const void *sendbuf, int sendcount, MPI_Datatype sendtype,"
Example/C/gcc_mpi_omp/cavity_OpenFOAM_vtk/preprocessed.cpp,206135,MPI_Sendrecv_replace,"__attribute__((visibility(""default""))) int PMPI_Sendrecv_replace(void * buf, int count, MPI_Datatype datatype,"
Example/C/gcc_mpi_omp/cavity_OpenFOAM_vtk/preprocessed.cpp,206244,MPI_Waitall,"__attribute__((visibility(""default""))) int PMPI_Waitall(int count, MPI_Request array_of_requests[],"
Example/C/gcc_mpi_omp/cavity_OpenFOAM_vtk/preprocessed.cpp,206246,MPI_Waitany,"__attribute__((visibility(""default""))) int PMPI_Waitany(int count, MPI_Request array_of_requests[],"
Example/C/gcc_mpi_omp/cavity_OpenFOAM_vtk/preprocessed.cpp,206248,MPI_Wait,"__attribute__((visibility(""default""))) int PMPI_Wait(MPI_Request *request, MPI_Status *status);"
Example/C/gcc_mpi_omp/cavity_OpenFOAM_vtk/preprocessed.cpp,206249,MPI_Waitsome,"__attribute__((visibility(""default""))) int PMPI_Waitsome(int incount, MPI_Request array_of_requests[],"
Example/C/gcc_mpi_omp/cavity_OpenFOAM_vtk/preprocessed.cpp,209307,MPI_Init,"(void)MPI_Init(&argc, &argv);"
Example/C/gcc_mpi_omp/cavity_OpenFOAM_vtk/preprocessed.cpp,209314,MPI_Init,"(void)MPI_Init(0, 0);"
Example/C/gcc_mpi_omp/cavity_OpenFOAM_vtk/preprocessed.cpp,209321,MPI_Finalize,(void)MPI_Finalize();
Example/C/gcc_mpi_omp/cavity_OpenFOAM_vtk/preprocessed.cpp,209328,MPI_Initialized,(void)MPI_Initialized(&t);
Example/C/gcc_mpi_omp/cavity_OpenFOAM_vtk/preprocessed.cpp,209336,MPI_Finalized,(void)MPI_Finalized(&t);
Example/C/gcc_mpi_omp/cavity_OpenFOAM_vtk/preprocessed.cpp,209349,MPI_Init_thread,"(void) MPI_Init_thread(0,"
Example/C/gcc_mpi_omp/cavity_OpenFOAM_vtk/preprocessed.cpp,209363,MPI_Init_thread,"(void) MPI_Init_thread(&argc, &argv, required, &provided);"
Example/C/gcc_mpi_omp/cavity_OpenFOAM_vtk/preprocessed.cpp,209512,MPI_Wait,"(void)MPI_Wait(&mpi_request, &status.mpi_status);"
Example/C/gcc_mpi_omp/cavity_OpenFOAM_vtk/preprocessed.cpp,209518,MPI_Wait,"(void)MPI_Wait(&mpi_request, (static_cast<MPI_Status *> (0)));"
Example/C/gcc_mpi_omp/cavity_OpenFOAM_vtk/preprocessed.cpp,209552,MPI_Waitany,"(void)MPI_Waitany(count, array_of_requests, &index, &status.mpi_status);"
Example/C/gcc_mpi_omp/cavity_OpenFOAM_vtk/preprocessed.cpp,209568,MPI_Waitany,"(void)MPI_Waitany(count, array_of_requests, &index, (static_cast<MPI_Status *> (0)));"
Example/C/gcc_mpi_omp/cavity_OpenFOAM_vtk/preprocessed.cpp,209620,MPI_Waitall,"(void)MPI_Waitall(count, array_of_requests, array_of_statuses);"
Example/C/gcc_mpi_omp/cavity_OpenFOAM_vtk/preprocessed.cpp,209638,MPI_Waitall,"(void)MPI_Waitall(count, array_of_requests, (static_cast<MPI_Status *> (0)));"
Example/C/gcc_mpi_omp/cavity_OpenFOAM_vtk/preprocessed.cpp,209696,MPI_Waitsome,"(void)MPI_Waitsome(incount, array_of_requests, &outcount,"
Example/C/gcc_mpi_omp/cavity_OpenFOAM_vtk/preprocessed.cpp,209717,MPI_Waitsome,"(void)MPI_Waitsome(incount, array_of_requests, &outcount,"
Example/C/gcc_mpi_omp/cavity_OpenFOAM_vtk/preprocessed.cpp,209856,MPI_Send,"(void)MPI_Send(const_cast<void *>(buf), count, datatype, dest, tag, mpi_comm);"
Example/C/gcc_mpi_omp/cavity_OpenFOAM_vtk/preprocessed.cpp,209863,MPI_Recv,"(void)MPI_Recv(buf, count, datatype, source, tag, mpi_comm, &status.mpi_status);"
Example/C/gcc_mpi_omp/cavity_OpenFOAM_vtk/preprocessed.cpp,209870,MPI_Recv,"(void)MPI_Recv(buf, count, datatype, source,"
Example/C/gcc_mpi_omp/cavity_OpenFOAM_vtk/preprocessed.cpp,209903,MPI_Isend,"(void)MPI_Isend(const_cast<void *>(buf), count, datatype,"
Example/C/gcc_mpi_omp/cavity_OpenFOAM_vtk/preprocessed.cpp,209943,MPI_Irecv,"(void)MPI_Irecv(buf, count, datatype, source,"
Example/C/gcc_mpi_omp/cavity_OpenFOAM_vtk/preprocessed.cpp,209982,MPI_Send_init,"(void)MPI_Send_init(const_cast<void *>(buf), count, datatype,"
Example/C/gcc_mpi_omp/cavity_OpenFOAM_vtk/preprocessed.cpp,210022,MPI_Recv_init,"(void)MPI_Recv_init(buf, count, datatype, source,"
Example/C/gcc_mpi_omp/cavity_OpenFOAM_vtk/preprocessed.cpp,210034,MPI_Sendrecv,"(void)MPI_Sendrecv(const_cast<void *>(sendbuf), sendcount,"
Example/C/gcc_mpi_omp/cavity_OpenFOAM_vtk/preprocessed.cpp,210048,MPI_Sendrecv,"(void)MPI_Sendrecv(const_cast<void *>(sendbuf), sendcount,"
Example/C/gcc_mpi_omp/cavity_OpenFOAM_vtk/preprocessed.cpp,210061,MPI_Sendrecv_replace,"(void)MPI_Sendrecv_replace(buf, count, datatype, dest,"
Example/C/gcc_mpi_omp/cavity_OpenFOAM_vtk/preprocessed.cpp,210072,MPI_Sendrecv_replace,"(void)MPI_Sendrecv_replace(buf, count, datatype, dest,"
Example/C/gcc_mpi_omp/cavity_OpenFOAM_vtk/preprocessed.cpp,210093,MPI_Comm_size,"(void)MPI_Comm_size (mpi_comm, &size);"
Example/C/gcc_mpi_omp/cavity_OpenFOAM_vtk/preprocessed.cpp,210101,MPI_Comm_rank,"(void)MPI_Comm_rank (mpi_comm, &myrank);"
Example/C/gcc_mpi_omp/cavity_OpenFOAM_vtk/preprocessed.cpp,210136,MPI_Barrier,(void)MPI_Barrier(mpi_comm);
Example/C/gcc_mpi_omp/cavity_OpenFOAM_vtk/preprocessed.cpp,210143,MPI_Bcast,"(void)MPI_Bcast(buffer, count, datatype, root, mpi_comm);"
Example/C/gcc_mpi_omp/cavity_OpenFOAM_vtk/preprocessed.cpp,210152,MPI_Gather,"(void)MPI_Gather(const_cast<void *>(sendbuf), sendcount, sendtype,"
Example/C/gcc_mpi_omp/cavity_OpenFOAM_vtk/preprocessed.cpp,210162,MPI_Gatherv,"(void)MPI_Gatherv(const_cast<void *>(sendbuf), sendcount, sendtype,"
Example/C/gcc_mpi_omp/cavity_OpenFOAM_vtk/preprocessed.cpp,210196,MPI_Allgather,"(void)MPI_Allgather(const_cast<void *>(sendbuf), sendcount,"
Example/C/gcc_mpi_omp/cavity_OpenFOAM_vtk/preprocessed.cpp,210207,MPI_Allgatherv,"(void)MPI_Allgatherv(const_cast<void *>(sendbuf), sendcount,"
Example/C/gcc_mpi_omp/cavity_OpenFOAM_vtk/preprocessed.cpp,210219,MPI_Alltoall,"(void)MPI_Alltoall(const_cast<void *>(sendbuf), sendcount,"
Example/C/gcc_mpi_omp/cavity_OpenFOAM_vtk/preprocessed.cpp,210231,MPI_Alltoallv,"(void)MPI_Alltoallv(const_cast<void *>(sendbuf),"
Example/C/gcc_mpi_omp/cavity_OpenFOAM_vtk/preprocessed.cpp,210256,MPI_Alltoallw,"(void)MPI_Alltoallw(const_cast<void *>(sendbuf),"
Example/C/gcc_mpi_omp/cavity_OpenFOAM_vtk/preprocessed.cpp,210272,MPI_Reduce,"(void)MPI_Reduce(const_cast<void *>(sendbuf), recvbuf, count, datatype, op, root, mpi_comm);"
Example/C/gcc_mpi_omp/cavity_OpenFOAM_vtk/preprocessed.cpp,210279,MPI_Allreduce,"(void)MPI_Allreduce (const_cast<void *>(sendbuf), recvbuf, count, datatype, op, mpi_comm);"
Example/C/gcc_mpi_omp/cavity_OpenFOAM_vtk/preprocessed.cpp,210288,MPI_Reduce_scatter,"(void)MPI_Reduce_scatter(const_cast<void *>(sendbuf), recvbuf, recvcounts,"
Example/C/gcc_mpi_omp/cavity_OpenFOAM_vtk/preprocessed.cpp,211195,MPI_Reduce_local,"(void)MPI_Reduce_local(const_cast<void*>(inbuf), inoutbuf, count,"
VisModule/Visualization/Mapper/CellByCellHistogram.cpp,235,MPI_Comm_rank,"MPI_Comm_rank( MPI_COMM_WORLD, &mpi_rank );"
VisModule/Visualization/Mapper/CellByCellHistogram.cpp,574,MPI_Comm_rank,"MPI_Comm_rank( MPI_COMM_WORLD, &mpi_rank );"
VisModule/Visualization/Mapper/PlotOverLine.cpp,246,MPI_Comm_rank,"MPI_Comm_rank( MPI_COMM_WORLD, &mpi_rank );"
VisModule/Visualization/Mapper/PlotOverLine.cpp,1174,MPI_Comm_rank,"MPI_Comm_rank( MPI_COMM_WORLD, &mpi_rank );"
VisModule/Visualization/Mapper/PlotOverLine.cpp,1175,MPI_Comm_size,"MPI_Comm_size( MPI_COMM_WORLD, &mpi_size );"
VisModule/Visualization/Mapper/CellByCellUniformSampling.cpp,260,MPI_Comm_rank,"MPI_Comm_rank( MPI_COMM_WORLD, &mpi_rank );"
VisModule/Visualization/Mapper/CellByCellUniformSampling.cpp,917,MPI_Comm_rank,"MPI_Comm_rank( MPI_COMM_WORLD, &mpi_rank );"
VisModule/Visualization/Mapper/PlotOverLine.cpp_bu0822,236,MPI_Comm_rank,"MPI_Comm_rank( MPI_COMM_WORLD, &mpi_rank );"
VisModule/Visualization/Mapper/PlotOverLine.cpp_bu0822,1230,MPI_Comm_rank,"MPI_Comm_rank( MPI_COMM_WORLD, &mpi_rank );"
VisModule/Visualization/Mapper/PlotOverLine.cpp_bu0822,1231,MPI_Comm_size,"MPI_Comm_size( MPI_COMM_WORLD, &mpi_size );"
VisModule/Visualization/Mapper/CellByCellMetropolisSampling.cpp,235,MPI_Comm_rank,"MPI_Comm_rank( MPI_COMM_WORLD, &mpi_rank );"
VisModule/Visualization/Mapper/CellByCellMetropolisSampling.cpp,1010,MPI_Comm_rank,"MPI_Comm_rank( MPI_COMM_WORLD, &mpi_rank );"
VisModule/Visualization/Mapper/GlyphSeed.cpp,112,MPI_Comm_size,"MPI_Comm_size( MPI_COMM_WORLD, &mpi_size );"
VisModule/Visualization/Mapper/GlyphSeed.cpp,113,MPI_Comm_rank,"MPI_Comm_rank( MPI_COMM_WORLD, &mpi_rank );"
VisModule/Visualization/Mapper/GlyphSeed.cpp,272,MPI_Comm_size,"//    MPI_Comm_size( MPI_COMM_WORLD, &mpi_size );"
VisModule/Visualization/Mapper/GlyphSeed.cpp,273,MPI_Comm_rank,"//    MPI_Comm_rank( MPI_COMM_WORLD, &mpi_rank );"
VisModule/Visualization/Mapper/GlyphSeed.cpp,432,MPI_Allreduce,"MPI_Allreduce( MPI_IN_PLACE, &min, 1, MPI_FLOAT, MPI_MIN, MPI_COMM_WORLD );"
VisModule/Visualization/Mapper/GlyphSeed.cpp,433,MPI_Allreduce,"MPI_Allreduce( MPI_IN_PLACE, &max, 1, MPI_FLOAT, MPI_MAX, MPI_COMM_WORLD );"
VisModule/Visualization/Mapper/GlyphSeed.cpp,514,MPI_Allreduce,"MPI_Allreduce( MPI_IN_PLACE, &min, 1, MPI_FLOAT, MPI_MIN, MPI_COMM_WORLD );"
VisModule/Visualization/Mapper/GlyphSeed.cpp,515,MPI_Allreduce,"MPI_Allreduce( MPI_IN_PLACE, &max, 1, MPI_FLOAT, MPI_MAX, MPI_COMM_WORLD );"
VisModule/Visualization/Mapper/GlyphSeed.cpp,659,MPI_Allreduce,"MPI_Allreduce( MPI_IN_PLACE, &min, 1, MPI_FLOAT, MPI_MIN, MPI_COMM_WORLD );"
VisModule/Visualization/Mapper/GlyphSeed.cpp,660,MPI_Allreduce,"MPI_Allreduce( MPI_IN_PLACE, &max, 1, MPI_FLOAT, MPI_MAX, MPI_COMM_WORLD );"
VisModule/Visualization/Mapper/GlyphSeed.cpp,751,MPI_Allreduce,"MPI_Allreduce( MPI_IN_PLACE, &min, 1, MPI_FLOAT, MPI_MIN, MPI_COMM_WORLD );"
VisModule/Visualization/Mapper/GlyphSeed.cpp,752,MPI_Allreduce,"MPI_Allreduce( MPI_IN_PLACE, &max, 1, MPI_FLOAT, MPI_MAX, MPI_COMM_WORLD );"
VisModule/Visualization/Mapper/GlyphSeed.cpp,791,MPI_Comm_rank,"MPI_Comm_rank( MPI_COMM_WORLD, &mpi_rank );"
VisModule/Visualization/Mapper/GlyphSeed.cpp,792,MPI_Comm_size,"MPI_Comm_size( MPI_COMM_WORLD, &mpi_size );"
VisModule/Visualization/Mapper/GlyphSeed.cpp,1042,MPI_Allreduce,"MPI_Allreduce( MPI_IN_PLACE, &min, 1, MPI_FLOAT, MPI_MIN, MPI_COMM_WORLD );"
VisModule/Visualization/Mapper/GlyphSeed.cpp,1043,MPI_Allreduce,"MPI_Allreduce( MPI_IN_PLACE, &max, 1, MPI_FLOAT, MPI_MAX, MPI_COMM_WORLD );"
VisModule/Visualization/Mapper/GlyphSeed.cpp,1113,MPI_Allreduce,"MPI_Allreduce( MPI_IN_PLACE, &min, 1, MPI_FLOAT, MPI_MIN, MPI_COMM_WORLD );"
VisModule/Visualization/Mapper/GlyphSeed.cpp,1114,MPI_Allreduce,"MPI_Allreduce( MPI_IN_PLACE, &max, 1, MPI_FLOAT, MPI_MAX, MPI_COMM_WORLD );"
VisModule/Visualization/Mapper/GlyphSeed.cpp,1195,MPI_Comm_rank,"MPI_Comm_rank( MPI_COMM_WORLD, &mpi_rank );"
VisModule/Visualization/Mapper/GlyphSeed.cpp,1196,MPI_Comm_size,"MPI_Comm_size( MPI_COMM_WORLD, &mpi_size );"
VisModule/Visualization/Mapper/GlyphSeed.cpp,1376,MPI_Allreduce,"MPI_Allreduce( MPI_IN_PLACE, &min, 1, MPI_FLOAT, MPI_MIN, MPI_COMM_WORLD );"
VisModule/Visualization/Mapper/GlyphSeed.cpp,1377,MPI_Allreduce,"MPI_Allreduce( MPI_IN_PLACE, &max, 1, MPI_FLOAT, MPI_MAX, MPI_COMM_WORLD );"
VisModule/Visualization/Mapper/GlyphSeed.cpp,1445,MPI_Allreduce,"MPI_Allreduce( MPI_IN_PLACE, &min, 1, MPI_FLOAT, MPI_MIN, MPI_COMM_WORLD );"
VisModule/Visualization/Mapper/GlyphSeed.cpp,1446,MPI_Allreduce,"MPI_Allreduce( MPI_IN_PLACE, &max, 1, MPI_FLOAT, MPI_MAX, MPI_COMM_WORLD );"
VisModule/Visualization/Mapper/GlyphSeed.cpp,1560,MPI_Comm_rank,"MPI_Comm_rank( MPI_COMM_WORLD, &mpi_rank );"
VisModule/Visualization/Mapper/GlyphSeed.cpp,1561,MPI_Comm_size,"MPI_Comm_size( MPI_COMM_WORLD, &mpi_size );"
VisModule/Visualization/Mapper/CellByCellRejectionSampling.cpp,231,MPI_Comm_rank,"MPI_Comm_rank( MPI_COMM_WORLD, &mpi_rank );"
VisModule/Visualization/Mapper/CellByCellRejectionSampling.cpp,895,MPI_Comm_rank,"MPI_Comm_rank( MPI_COMM_WORLD, &mpi_rank );"
