file,line,construct,code
App/Server.h,7,atomic,#include <atomic>
App/Server.h,84,atomic,std::atomic<bool> m_last_step_monitor_is_running;     // LAST_STEPを監視するスレッドに終了信号を送る変数
App/Server.h,86,atomic,std::atomic<bool> m_plot_over_time_sender_is_running; // Plot Over Timeをクライアントに送信するスレッドに終了信号を送る変数
InSituLib/unstruct/Filter/Conversion_from_OpenFOAM_to_vtkPolyhedron_initialstep.h,14,//#pragma omp parallel,//#pragma omp parallel
InSituLib/unstruct/Filter/Conversion_from_OpenFOAM_to_vtk_initialstep.h,18,//#pragma omp parallel,//#pragma omp parallel
InSituLib/unstruct/Filter/Conversion_from_OpenFOAM_to_vtk_laterstep.h,12,//    //#pragma omp parallel,//    //#pragma omp parallel
InSituLib/unstruct/kvs_wrapper.cpp,1938,#pragma omp parallel,#pragma omp parallel
InSituLib/unstruct/kvs_wrapper.cpp,1997,#pragma omp for schedule( dynamic ) nowait,#pragma omp for schedule( dynamic ) nowait
InSituLib/unstruct/kvs_wrapper.cpp,2298,#pragma omp critical,#pragma omp critical
InSituLib/unstruct/kvs_wrapper.cpp,2566,#pragma omp parallel,#pragma omp parallel
InSituLib/unstruct/kvs_wrapper.cpp,2597,//#pragma omp for schedule( dynamic ),//#pragma omp for schedule( dynamic )
InSituLib/unstruct/kvs_wrapper.cpp,2598,#pragma omp for,#pragma omp for
InSituLib/unstruct/kvs_wrapper.cpp,2782,#pragma omp parallel,#pragma omp parallel
InSituLib/unstruct/kvs_wrapper.cpp,2808,#pragma omp for schedule( dynamic ),#pragma omp for schedule( dynamic )
InSituLib/unstruct/kvs_wrapper.cpp,2862,#pragma omp critical,#pragma omp critical
InSituLib/unstruct/EnsembleCellHistogram.cpp,181,#pragma omp parallel,#pragma omp parallel
InSituLib/unstruct/EnsembleCellHistogram.cpp,190,#pragma omp for schedule(dynamic),#pragma omp for schedule(dynamic)
InSituLib/unstruct/EnsembleCellHistogram.cpp,270,#pragma omp parallel,#pragma omp parallel
InSituLib/unstruct/EnsembleCellHistogram.cpp,277,#pragma omp for schedule(dynamic),#pragma omp for schedule(dynamic)
InSituLib/unstruct/EnsembleCellHistogram.cpp,308,#pragma omp critical,#pragma omp critical
InSituLib/unstruct/EnsembleCellHistogram.cpp,353,#pragma omp parallel,#pragma omp parallel
InSituLib/unstruct/EnsembleCellHistogram.cpp,359,#pragma omp for schedule(dynamic),#pragma omp for schedule(dynamic)
InSituLib/unstruct/EnsembleCellHistogram.cpp,377,#pragma omp critical,#pragma omp critical
InSituLib/unstruct/EnsembleCellHistogram.cpp,521,#pragma omp parallel,#pragma omp parallel
InSituLib/unstruct/EnsembleCellHistogram.cpp,532,#pragma omp for schedule(dynamic),#pragma omp for schedule(dynamic)
InSituLib/unstruct/EnsembleCellHistogram.cpp,549,#pragma omp critical,#pragma omp critical
InSituLib/unstruct/EnsembleCellHistogram.cpp,635,#pragma omp parallel,#pragma omp parallel
InSituLib/unstruct/EnsembleCellHistogram.cpp,645,#pragma omp for schedule(dynamic),#pragma omp for schedule(dynamic)
InSituLib/unstruct/EnsembleCellHistogram.cpp,661,#pragma omp critical,#pragma omp critical
InSituLib/AMR/kvs_wrapper.cpp,793,#pragma omp parallel,#pragma omp parallel
InSituLib/AMR/kvs_wrapper.cpp,813,//#pragma omp critical,//#pragma omp critical
InSituLib/AMR/kvs_wrapper.cpp,855,#pragma omp for,#pragma omp for
InSituLib/AMR/kvs_wrapper.cpp,923,#pragma omp for,#pragma omp for
InSituLib/AMR/kvs_wrapper.cpp,991,"#pragma omp for  schedule(dynamic,1)","#pragma omp for  schedule(dynamic,1)"
InSituLib/AMR/kvs_wrapper.cpp,1149,#pragma omp critical,#pragma omp critical
InSituLib/AMR/kvs_wrapper.cpp,1176,} // end #pragma omp critical,} // end #pragma omp critical
InSituLib/AMR/kvs_wrapper.cpp,1177,} // end #pragma omp parallel,} // end #pragma omp parallel
Example/C/gcc_mpi_omp/windAroundBuildings_v2206/Make/linux64GccDPInt32Opt/simpleFoam.C.dep,846,atomic,$(WM_PROJECT_DIR)/src/OpenFOAM/lnInclude/atomicConstants.H \
Example/C/gcc_mpi_omp/cavity_OpenFOAM_vtk/Make/linux64GccDPInt32Opt/icoFoam.C.dep,133,atomic,$(WM_PROJECT_DIR)/src/OpenFOAM/lnInclude/atomicConstants.H \
Example/C/gcc_mpi_omp/cavity_OpenFOAM_vtk/Make/linux64GccDPInt32Opt/icoFoam.C.dep,935,atomic,$(WM_PROJECT_DIR)/src/OpenFOAM/lnInclude/atomicConstants.H :
VisModule/DaemonAndSampler/Daemon/ParticleFile.cpp,108,#pragma omp parallel,#pragma omp parallel
VisModule/DaemonAndSampler/Daemon/ParticleFile.cpp,115,#pragma omp for,#pragma omp for
VisModule/FileFormat/DICOM/TagTable.h,145,atomic,"{ 0x0008, 0x2218, dcm::VR_SQ,   ""Anatomic Region Sequence""},"
VisModule/FileFormat/DICOM/TagTable.h,146,atomic,"{ 0x0008, 0x2220, dcm::VR_SQ,   ""Anatomic Region Modifier Sequence""},"
VisModule/FileFormat/DICOM/TagTable.h,147,atomic,"{ 0x0008, 0x2228, dcm::VR_SQ,   ""Primary Anatomic Structure Sequence""},"
VisModule/FileFormat/DICOM/TagTable.h,148,atomic,"{ 0x0008, 0x2229, dcm::VR_SQ,   ""Anatomic Structure, Space or Region Sequence""},"
VisModule/FileFormat/DICOM/TagTable.h,149,atomic,"{ 0x0008, 0x2230, dcm::VR_SQ,   ""Primary Anatomic Structure Modifier Sequence""},"
VisModule/FileFormat/DICOM/dictionary.txt,135,atomic,"(0008,2208) Anatomic Structure CS 1 RET"
VisModule/FileFormat/DICOM/dictionary.txt,136,atomic,"(0008,2218) Anatomic Region Sequence SQ 1"
VisModule/FileFormat/DICOM/dictionary.txt,137,atomic,"(0008,2220) Anatomic Region Modifier Sequence SQ 1"
VisModule/FileFormat/DICOM/dictionary.txt,138,atomic,"(0008,2228) Primary Anatomic Structure Sequence SQ 1"
VisModule/FileFormat/DICOM/dictionary.txt,139,atomic,"(0008,2229) Anatomic Structure, Space or Region Sequence SQ 1"
VisModule/FileFormat/DICOM/dictionary.txt,140,atomic,"(0008,2230) Primary Anatomic Structure Modifier Sequence SQ 1"
Example/C/gcc_mpi_omp/cavity_OpenFOAM_vtk/preprocessed.cpp,213,atomic,typedef int __sig_atomic_t;
Example/C/gcc_mpi_omp/cavity_OpenFOAM_vtk/preprocessed.cpp,13442,atomic,"# 1 ""/home/app/gcc/9.5.0/include/c++/9.5.0/ext/atomicity.h"" 1 3"
Example/C/gcc_mpi_omp/cavity_OpenFOAM_vtk/preprocessed.cpp,13443,atomic,"# 32 ""/home/app/gcc/9.5.0/include/c++/9.5.0/ext/atomicity.h"" 3"
Example/C/gcc_mpi_omp/cavity_OpenFOAM_vtk/preprocessed.cpp,13445,atomic,"# 33 ""/home/app/gcc/9.5.0/include/c++/9.5.0/ext/atomicity.h"" 3"
Example/C/gcc_mpi_omp/cavity_OpenFOAM_vtk/preprocessed.cpp,13529,schedule,"extern int sched_setscheduler (__pid_t __pid, int __policy,"
Example/C/gcc_mpi_omp/cavity_OpenFOAM_vtk/preprocessed.cpp,13533,schedule,extern int sched_getscheduler (__pid_t __pid) throw ();
Example/C/gcc_mpi_omp/cavity_OpenFOAM_vtk/preprocessed.cpp,14907,atomic,"# 36 ""/home/app/gcc/9.5.0/include/c++/9.5.0/ext/atomicity.h"" 2 3"
Example/C/gcc_mpi_omp/cavity_OpenFOAM_vtk/preprocessed.cpp,14908,atomic,"# 1 ""/home/app/gcc/9.5.0/include/c++/9.5.0/x86_64-pc-linux-gnu/bits/atomic_word.h"" 1 3"
Example/C/gcc_mpi_omp/cavity_OpenFOAM_vtk/preprocessed.cpp,14909,atomic,"# 32 ""/home/app/gcc/9.5.0/include/c++/9.5.0/x86_64-pc-linux-gnu/bits/atomic_word.h"" 3"
Example/C/gcc_mpi_omp/cavity_OpenFOAM_vtk/preprocessed.cpp,14911,atomic,"# 37 ""/home/app/gcc/9.5.0/include/c++/9.5.0/ext/atomicity.h"" 2 3"
Example/C/gcc_mpi_omp/cavity_OpenFOAM_vtk/preprocessed.cpp,14924,atomic,"{ return __atomic_fetch_add(__mem, __val, 4); }"
Example/C/gcc_mpi_omp/cavity_OpenFOAM_vtk/preprocessed.cpp,14927,atomic,"__atomic_add(volatile _Atomic_word* __mem, int __val)"
Example/C/gcc_mpi_omp/cavity_OpenFOAM_vtk/preprocessed.cpp,14928,atomic,"{ __atomic_fetch_add(__mem, __val, 4); }"
Example/C/gcc_mpi_omp/cavity_OpenFOAM_vtk/preprocessed.cpp,14929,atomic,"# 64 ""/home/app/gcc/9.5.0/include/c++/9.5.0/ext/atomicity.h"" 3"
Example/C/gcc_mpi_omp/cavity_OpenFOAM_vtk/preprocessed.cpp,14939,atomic,"__atomic_add_single(_Atomic_word* __mem, int __val)"
Example/C/gcc_mpi_omp/cavity_OpenFOAM_vtk/preprocessed.cpp,14958,atomic,"__atomic_add_dispatch(_Atomic_word* __mem, int __val)"
Example/C/gcc_mpi_omp/cavity_OpenFOAM_vtk/preprocessed.cpp,14962,atomic,"__atomic_add(__mem, __val);"
Example/C/gcc_mpi_omp/cavity_OpenFOAM_vtk/preprocessed.cpp,14964,atomic,"__atomic_add_single(__mem, __val);"
Example/C/gcc_mpi_omp/cavity_OpenFOAM_vtk/preprocessed.cpp,20833,atomic,"{ __gnu_cxx::__atomic_add_dispatch(&_M_refcount, 1); }"
Example/C/gcc_mpi_omp/cavity_OpenFOAM_vtk/preprocessed.cpp,20931,atomic,"{ __gnu_cxx::__atomic_add_dispatch(&_M_refcount, 1); }"
Example/C/gcc_mpi_omp/cavity_OpenFOAM_vtk/preprocessed.cpp,22466,atomic,"_M_add_reference() { __gnu_cxx::__atomic_add_dispatch(&_M_refcount, 1); }"
Example/C/gcc_mpi_omp/cavity_OpenFOAM_vtk/preprocessed.cpp,31063,simd,"# 1 ""/usr/include/bits/libm-simd-decl-stubs.h"" 1 3 4"
Example/C/gcc_mpi_omp/cavity_OpenFOAM_vtk/preprocessed.cpp,63535,schedule,"scheduled,"
Example/C/gcc_mpi_omp/cavity_OpenFOAM_vtk/preprocessed.cpp,64902,schedule,"UPstream::commsTypes::scheduled,"
Example/C/gcc_mpi_omp/cavity_OpenFOAM_vtk/preprocessed.cpp,64914,schedule,"UPstream::commsTypes::scheduled,"
Example/C/gcc_mpi_omp/cavity_OpenFOAM_vtk/preprocessed.cpp,64933,schedule,"UPstream::commsTypes::scheduled,"
Example/C/gcc_mpi_omp/cavity_OpenFOAM_vtk/preprocessed.cpp,64945,schedule,"UPstream::commsTypes::scheduled,"
Example/C/gcc_mpi_omp/cavity_OpenFOAM_vtk/preprocessed.cpp,64999,schedule,"UPstream::commsTypes::scheduled,"
Example/C/gcc_mpi_omp/cavity_OpenFOAM_vtk/preprocessed.cpp,65011,schedule,"UPstream::commsTypes::scheduled,"
Example/C/gcc_mpi_omp/cavity_OpenFOAM_vtk/preprocessed.cpp,65030,schedule,"UPstream::commsTypes::scheduled,"
Example/C/gcc_mpi_omp/cavity_OpenFOAM_vtk/preprocessed.cpp,65042,schedule,"UPstream::commsTypes::scheduled,"
Example/C/gcc_mpi_omp/cavity_OpenFOAM_vtk/preprocessed.cpp,65491,schedule,"UPstream::commsTypes::scheduled,"
Example/C/gcc_mpi_omp/cavity_OpenFOAM_vtk/preprocessed.cpp,65511,schedule,"UPstream::commsTypes::scheduled,"
Example/C/gcc_mpi_omp/cavity_OpenFOAM_vtk/preprocessed.cpp,65542,schedule,"UPstream::commsTypes::scheduled,"
Example/C/gcc_mpi_omp/cavity_OpenFOAM_vtk/preprocessed.cpp,65554,schedule,"UPstream::commsTypes::scheduled,"
Example/C/gcc_mpi_omp/cavity_OpenFOAM_vtk/preprocessed.cpp,65622,schedule,"UPstream::commsTypes::scheduled,"
Example/C/gcc_mpi_omp/cavity_OpenFOAM_vtk/preprocessed.cpp,65634,schedule,"UPstream::commsTypes::scheduled,"
Example/C/gcc_mpi_omp/cavity_OpenFOAM_vtk/preprocessed.cpp,65664,schedule,"UPstream::commsTypes::scheduled,"
Example/C/gcc_mpi_omp/cavity_OpenFOAM_vtk/preprocessed.cpp,65676,schedule,"UPstream::commsTypes::scheduled,"
Example/C/gcc_mpi_omp/cavity_OpenFOAM_vtk/preprocessed.cpp,65734,schedule,"UPstream::commsTypes::scheduled,"
Example/C/gcc_mpi_omp/cavity_OpenFOAM_vtk/preprocessed.cpp,65757,schedule,"UPstream::commsTypes::scheduled,"
Example/C/gcc_mpi_omp/cavity_OpenFOAM_vtk/preprocessed.cpp,65791,schedule,"UPstream::commsTypes::scheduled,"
Example/C/gcc_mpi_omp/cavity_OpenFOAM_vtk/preprocessed.cpp,65803,schedule,"UPstream::commsTypes::scheduled,"
Example/C/gcc_mpi_omp/cavity_OpenFOAM_vtk/preprocessed.cpp,65871,schedule,"UPstream::commsTypes::scheduled,"
Example/C/gcc_mpi_omp/cavity_OpenFOAM_vtk/preprocessed.cpp,65883,schedule,"UPstream::commsTypes::scheduled,"
Example/C/gcc_mpi_omp/cavity_OpenFOAM_vtk/preprocessed.cpp,65913,schedule,"UPstream::commsTypes::scheduled,"
Example/C/gcc_mpi_omp/cavity_OpenFOAM_vtk/preprocessed.cpp,65925,schedule,"UPstream::commsTypes::scheduled,"
Example/C/gcc_mpi_omp/cavity_OpenFOAM_vtk/preprocessed.cpp,65991,schedule,"UPstream::commsTypes::scheduled,"
Example/C/gcc_mpi_omp/cavity_OpenFOAM_vtk/preprocessed.cpp,66038,schedule,"UPstream::commsTypes::scheduled,"
Example/C/gcc_mpi_omp/cavity_OpenFOAM_vtk/preprocessed.cpp,66103,schedule,"UPstream::commsTypes::scheduled,"
Example/C/gcc_mpi_omp/cavity_OpenFOAM_vtk/preprocessed.cpp,66130,schedule,"UPstream::commsTypes::scheduled,"
Example/C/gcc_mpi_omp/cavity_OpenFOAM_vtk/preprocessed.cpp,66222,schedule,"UPstream::commsTypes::scheduled,"
Example/C/gcc_mpi_omp/cavity_OpenFOAM_vtk/preprocessed.cpp,66241,schedule,"UPstream::commsTypes::scheduled,"
Example/C/gcc_mpi_omp/cavity_OpenFOAM_vtk/preprocessed.cpp,66298,schedule,"UPstream::commsTypes::scheduled,"
Example/C/gcc_mpi_omp/cavity_OpenFOAM_vtk/preprocessed.cpp,66310,schedule,"UPstream::commsTypes::scheduled,"
Example/C/gcc_mpi_omp/cavity_OpenFOAM_vtk/preprocessed.cpp,66384,schedule,"UPstream::commsTypes::scheduled,"
Example/C/gcc_mpi_omp/cavity_OpenFOAM_vtk/preprocessed.cpp,66401,schedule,"UPstream::commsTypes::scheduled,"
Example/C/gcc_mpi_omp/cavity_OpenFOAM_vtk/preprocessed.cpp,66440,schedule,"UPstream::commsTypes::scheduled,"
Example/C/gcc_mpi_omp/cavity_OpenFOAM_vtk/preprocessed.cpp,66452,schedule,"UPstream::commsTypes::scheduled,"
Example/C/gcc_mpi_omp/cavity_OpenFOAM_vtk/preprocessed.cpp,85511,atomic,"# 1 ""/usr/include/bits/types/sig_atomic_t.h"" 1 3 4"
Example/C/gcc_mpi_omp/cavity_OpenFOAM_vtk/preprocessed.cpp,85519,atomic,typedef __sig_atomic_t sig_atomic_t;
Example/C/gcc_mpi_omp/cavity_OpenFOAM_vtk/preprocessed.cpp,91290,omp,label collapse();
Example/C/gcc_mpi_omp/cavity_OpenFOAM_vtk/preprocessed.cpp,92906,omp,inline faceList collapsedFaces() const;
Example/C/gcc_mpi_omp/cavity_OpenFOAM_vtk/preprocessed.cpp,92934,omp,void collapse();
Example/C/gcc_mpi_omp/cavity_OpenFOAM_vtk/preprocessed.cpp,93031,omp,collapse();
Example/C/gcc_mpi_omp/cavity_OpenFOAM_vtk/preprocessed.cpp,93048,omp,collapse();
Example/C/gcc_mpi_omp/cavity_OpenFOAM_vtk/preprocessed.cpp,93167,omp,inline Foam::faceList Foam::cellShape::collapsedFaces() const
Example/C/gcc_mpi_omp/cavity_OpenFOAM_vtk/preprocessed.cpp,111847,schedule,labelList schedule_;
Example/C/gcc_mpi_omp/cavity_OpenFOAM_vtk/preprocessed.cpp,111869,schedule,const labelList& schedule() const
Example/C/gcc_mpi_omp/cavity_OpenFOAM_vtk/preprocessed.cpp,111871,schedule,return schedule_;
Example/C/gcc_mpi_omp/cavity_OpenFOAM_vtk/preprocessed.cpp,112525,schedule,mutable autoPtr<List<labelPair>> schedulePtr_;
Example/C/gcc_mpi_omp/cavity_OpenFOAM_vtk/preprocessed.cpp,112719,schedule,static List<labelPair> schedule
Example/C/gcc_mpi_omp/cavity_OpenFOAM_vtk/preprocessed.cpp,112727,schedule,const List<labelPair>& schedule() const;
Example/C/gcc_mpi_omp/cavity_OpenFOAM_vtk/preprocessed.cpp,112772,schedule,"const List<labelPair>& schedule,"
Example/C/gcc_mpi_omp/cavity_OpenFOAM_vtk/preprocessed.cpp,112789,schedule,"const List<labelPair>& schedule,"
Example/C/gcc_mpi_omp/cavity_OpenFOAM_vtk/preprocessed.cpp,113036,schedule,"const List<labelPair>& schedule,"
Example/C/gcc_mpi_omp/cavity_OpenFOAM_vtk/preprocessed.cpp,113154,schedule,else if (commsType == Pstream::commsTypes::scheduled)
Example/C/gcc_mpi_omp/cavity_OpenFOAM_vtk/preprocessed.cpp,113190,schedule,for (Foam::label i=0; i<(schedule).size(); i++)
Example/C/gcc_mpi_omp/cavity_OpenFOAM_vtk/preprocessed.cpp,113192,schedule,const labelPair& twoProcs = schedule[i];
Example/C/gcc_mpi_omp/cavity_OpenFOAM_vtk/preprocessed.cpp,113205,schedule,"Pstream::commsTypes::scheduled,"
Example/C/gcc_mpi_omp/cavity_OpenFOAM_vtk/preprocessed.cpp,113228,schedule,"Pstream::commsTypes::scheduled,"
Example/C/gcc_mpi_omp/cavity_OpenFOAM_vtk/preprocessed.cpp,113256,schedule,"Pstream::commsTypes::scheduled,"
Example/C/gcc_mpi_omp/cavity_OpenFOAM_vtk/preprocessed.cpp,113280,schedule,"Pstream::commsTypes::scheduled,"
Example/C/gcc_mpi_omp/cavity_OpenFOAM_vtk/preprocessed.cpp,113533,schedule,"<< ""Unknown communication schedule "" << int(commsType)"
Example/C/gcc_mpi_omp/cavity_OpenFOAM_vtk/preprocessed.cpp,113544,schedule,"const List<labelPair>& schedule,"
Example/C/gcc_mpi_omp/cavity_OpenFOAM_vtk/preprocessed.cpp,113649,schedule,else if (commsType == Pstream::commsTypes::scheduled)
Example/C/gcc_mpi_omp/cavity_OpenFOAM_vtk/preprocessed.cpp,113688,schedule,for (Foam::label i=0; i<(schedule).size(); i++)
Example/C/gcc_mpi_omp/cavity_OpenFOAM_vtk/preprocessed.cpp,113690,schedule,const labelPair& twoProcs = schedule[i];
Example/C/gcc_mpi_omp/cavity_OpenFOAM_vtk/preprocessed.cpp,113703,schedule,"Pstream::commsTypes::scheduled,"
Example/C/gcc_mpi_omp/cavity_OpenFOAM_vtk/preprocessed.cpp,113727,schedule,"Pstream::commsTypes::scheduled,"
Example/C/gcc_mpi_omp/cavity_OpenFOAM_vtk/preprocessed.cpp,113754,schedule,"Pstream::commsTypes::scheduled,"
Example/C/gcc_mpi_omp/cavity_OpenFOAM_vtk/preprocessed.cpp,113777,schedule,"Pstream::commsTypes::scheduled,"
Example/C/gcc_mpi_omp/cavity_OpenFOAM_vtk/preprocessed.cpp,114033,schedule,"<< ""Unknown communication schedule "" << int(commsType)"
Example/C/gcc_mpi_omp/cavity_OpenFOAM_vtk/preprocessed.cpp,114141,schedule,else if (Pstream::defaultCommsType == Pstream::commsTypes::scheduled)
Example/C/gcc_mpi_omp/cavity_OpenFOAM_vtk/preprocessed.cpp,114145,schedule,"Pstream::commsTypes::scheduled,"
Example/C/gcc_mpi_omp/cavity_OpenFOAM_vtk/preprocessed.cpp,114146,schedule,"schedule(),"
Example/C/gcc_mpi_omp/cavity_OpenFOAM_vtk/preprocessed.cpp,114231,schedule,else if (Pstream::defaultCommsType == Pstream::commsTypes::scheduled)
Example/C/gcc_mpi_omp/cavity_OpenFOAM_vtk/preprocessed.cpp,114235,schedule,"Pstream::commsTypes::scheduled,"
Example/C/gcc_mpi_omp/cavity_OpenFOAM_vtk/preprocessed.cpp,114236,schedule,"schedule(),"
Example/C/gcc_mpi_omp/cavity_OpenFOAM_vtk/preprocessed.cpp,114296,schedule,else if (Pstream::defaultCommsType == Pstream::commsTypes::scheduled)
Example/C/gcc_mpi_omp/cavity_OpenFOAM_vtk/preprocessed.cpp,114300,schedule,"Pstream::commsTypes::scheduled,"
Example/C/gcc_mpi_omp/cavity_OpenFOAM_vtk/preprocessed.cpp,114301,schedule,"schedule(),"
Example/C/gcc_mpi_omp/cavity_OpenFOAM_vtk/preprocessed.cpp,121462,schedule,else if (Pstream::defaultCommsType == Pstream::commsTypes::scheduled)
Example/C/gcc_mpi_omp/cavity_OpenFOAM_vtk/preprocessed.cpp,121472,schedule,.initEvaluate(Pstream::commsTypes::scheduled);
Example/C/gcc_mpi_omp/cavity_OpenFOAM_vtk/preprocessed.cpp,121477,schedule,.evaluate(Pstream::commsTypes::scheduled);
Example/C/gcc_mpi_omp/cavity_OpenFOAM_vtk/preprocessed.cpp,121586,schedule,else if (Pstream::defaultCommsType == Pstream::commsTypes::scheduled)
Example/C/gcc_mpi_omp/cavity_OpenFOAM_vtk/preprocessed.cpp,140908,schedule,else if (Pstream::defaultCommsType == Pstream::commsTypes::scheduled)
Example/C/gcc_mpi_omp/cavity_OpenFOAM_vtk/preprocessed.cpp,140980,schedule,else if (Pstream::defaultCommsType == Pstream::commsTypes::scheduled)
Example/C/gcc_mpi_omp/cavity_OpenFOAM_vtk/preprocessed.cpp,140999,schedule,Pstream::commsTypes::scheduled
Example/C/gcc_mpi_omp/cavity_OpenFOAM_vtk/preprocessed.cpp,141010,schedule,Pstream::commsTypes::scheduled
Example/C/gcc_mpi_omp/cavity_OpenFOAM_vtk/preprocessed.cpp,145980,omp,inline label collapse();
Example/C/gcc_mpi_omp/cavity_OpenFOAM_vtk/preprocessed.cpp,146233,omp,inline Foam::label Foam::triFace::collapse()
Example/C/gcc_mpi_omp/cavity_OpenFOAM_vtk/preprocessed.cpp,153737,omp,"const labelHashSet& collapsedFaces,"
Example/C/gcc_mpi_omp/cavity_OpenFOAM_vtk/preprocessed.cpp,153750,omp,"const labelHashSet& collapsedFaces,"
Example/C/gcc_mpi_omp/cavity_OpenFOAM_vtk/preprocessed.cpp,153761,omp,static scalar collapseMinCosAngle
Example/C/gcc_mpi_omp/cavity_OpenFOAM_vtk/preprocessed.cpp,153766,omp,"const labelHashSet& collapsedFaces,"
Example/C/gcc_mpi_omp/cavity_OpenFOAM_vtk/preprocessed.cpp,153772,omp,bool collapseCreatesFold
Example/C/gcc_mpi_omp/cavity_OpenFOAM_vtk/preprocessed.cpp,153777,omp,"const labelHashSet& collapsedFaces,"
Example/C/gcc_mpi_omp/cavity_OpenFOAM_vtk/preprocessed.cpp,153916,omp,static triSurface collapseEdges
Example/C/gcc_mpi_omp/cavity_OpenFOAM_vtk/preprocessed.cpp,153937,omp,static triSurface collapseEdges
Example/C/gcc_mpi_omp/cavity_OpenFOAM_vtk/preprocessed.cpp,155341,schedule,commsType == Pstream::commsTypes::scheduled
Example/C/gcc_mpi_omp/cavity_OpenFOAM_vtk/preprocessed.cpp,155412,schedule,commsType == Pstream::commsTypes::scheduled
Example/C/gcc_mpi_omp/cavity_OpenFOAM_vtk/preprocessed.cpp,155512,schedule,commsType == Pstream::commsTypes::scheduled
Example/C/gcc_mpi_omp/cavity_OpenFOAM_vtk/preprocessed.cpp,155593,schedule,commsType == Pstream::commsTypes::scheduled
Example/C/gcc_mpi_omp/cavity_OpenFOAM_vtk/preprocessed.cpp,167808,atomic,namespace atomic
Example/C/gcc_mpi_omp/cavity_OpenFOAM_vtk/preprocessed.cpp,167912,atomic,"# 1 ""/home/g6/a214026/OpenFOAM/env/OpenFOAM-v10/src/OpenFOAM/lnInclude/atomicConstants.H"" 1"
Example/C/gcc_mpi_omp/cavity_OpenFOAM_vtk/preprocessed.cpp,167913,atomic,"# 39 ""/home/g6/a214026/OpenFOAM/env/OpenFOAM-v10/src/OpenFOAM/lnInclude/atomicConstants.H"""
Example/C/gcc_mpi_omp/cavity_OpenFOAM_vtk/preprocessed.cpp,167918,atomic,namespace atomic
Example/C/gcc_mpi_omp/cavity_OpenFOAM_vtk/preprocessed.cpp,200590,#pragma omp critical(random),#pragma omp critical(random)
Example/C/gcc_mpi_omp/cavity_OpenFOAM_vtk/preprocessed.cpp,200960,#pragma omp critical(random),#pragma omp critical(random)
Example/C/gcc_mpi_omp/cavity_OpenFOAM_vtk/preprocessed.cpp,201605,#pragma omp critical(random),#pragma omp critical(random)
Example/C/gcc_mpi_omp/cavity_OpenFOAM_vtk/preprocessed.cpp,202273,#pragma omp critical(random),#pragma omp critical(random)
Example/C/gcc_mpi_omp/cavity_OpenFOAM_vtk/preprocessed.cpp,203097,#pragma omp critical(random),#pragma omp critical(random)
Example/C/gcc_mpi_omp/cavity_OpenFOAM_vtk/preprocessed.cpp,203625,#pragma omp critical(random),#pragma omp critical(random)
Example/C/gcc_mpi_omp/cavity_OpenFOAM_vtk/preprocessed.cpp,204273,#pragma omp critical(random),#pragma omp critical(random)
Example/C/gcc_mpi_omp/cavity_OpenFOAM_vtk/preprocessed.cpp,204483,omp_get_wtime,extern double omp_get_wtime (void) throw ();
Example/C/gcc_mpi_omp/cavity_OpenFOAM_vtk/preprocessed.cpp,204486,schedule,"extern void omp_set_schedule (omp_sched_t, int) throw ();"
Example/C/gcc_mpi_omp/cavity_OpenFOAM_vtk/preprocessed.cpp,204487,schedule,"extern void omp_get_schedule (omp_sched_t *, int *) throw ();"
Example/C/gcc_mpi_omp/cavity_OpenFOAM_vtk/preprocessed.cpp,205231,atomic,"__attribute__((visibility(""default""))) int MPI_File_set_atomicity(MPI_File fh, int flag);"
Example/C/gcc_mpi_omp/cavity_OpenFOAM_vtk/preprocessed.cpp,205232,atomic,"__attribute__((visibility(""default""))) int MPI_File_get_atomicity(MPI_File fh, int *flag);"
Example/C/gcc_mpi_omp/cavity_OpenFOAM_vtk/preprocessed.cpp,205890,atomic,"__attribute__((visibility(""default""))) int PMPI_File_set_atomicity(MPI_File fh, int flag);"
Example/C/gcc_mpi_omp/cavity_OpenFOAM_vtk/preprocessed.cpp,205891,atomic,"__attribute__((visibility(""default""))) int PMPI_File_get_atomicity(MPI_File fh, int *flag);"
Example/C/gcc_mpi_omp/cavity_OpenFOAM_vtk/preprocessed.cpp,206327,atomic,"int *readonly, int *continuous, int *atomic);"
Example/C/gcc_mpi_omp/cavity_OpenFOAM_vtk/preprocessed.cpp,206377,atomic,"int *readonly, int *continuous, int *atomic);"
Example/C/gcc_mpi_omp/cavity_OpenFOAM_vtk/preprocessed.cpp,208241,atomic,bool Get_atomicity() const;
Example/C/gcc_mpi_omp/cavity_OpenFOAM_vtk/preprocessed.cpp,208344,atomic,void Set_atomicity(bool flag);
Example/C/gcc_mpi_omp/cavity_OpenFOAM_vtk/preprocessed.cpp,211685,atomic,MPI::File::Get_atomicity() const
Example/C/gcc_mpi_omp/cavity_OpenFOAM_vtk/preprocessed.cpp,211688,atomic,"(void) MPI_File_get_atomicity(mpi_file, &flag);"
Example/C/gcc_mpi_omp/cavity_OpenFOAM_vtk/preprocessed.cpp,212049,atomic,MPI::File::Set_atomicity(bool flag)
Example/C/gcc_mpi_omp/cavity_OpenFOAM_vtk/preprocessed.cpp,212051,atomic,"(void) MPI_File_set_atomicity(mpi_file, flag);"
Example/C/gcc_mpi_omp/cavity_OpenFOAM_vtk/preprocessed.cpp,213021,#pragma omp parallel reduction(+: total_volume),#pragma omp parallel reduction(+: total_volume)
Example/C/gcc_mpi_omp/cavity_OpenFOAM_vtk/preprocessed.cpp,213032,#pragma omp for schedule(dynamic),#pragma omp for schedule(dynamic)
Example/C/gcc_mpi_omp/cavity_OpenFOAM_vtk/preprocessed.cpp,219640,atomic,"# 1 ""/home/app/gcc/9.5.0/include/c++/9.5.0/atomic"" 1 3"
Example/C/gcc_mpi_omp/cavity_OpenFOAM_vtk/preprocessed.cpp,219641,atomic,"# 35 ""/home/app/gcc/9.5.0/include/c++/9.5.0/atomic"" 3"
Example/C/gcc_mpi_omp/cavity_OpenFOAM_vtk/preprocessed.cpp,219643,atomic,"# 36 ""/home/app/gcc/9.5.0/include/c++/9.5.0/atomic"" 3"
Example/C/gcc_mpi_omp/cavity_OpenFOAM_vtk/preprocessed.cpp,219649,atomic,"# 1 ""/home/app/gcc/9.5.0/include/c++/9.5.0/bits/atomic_base.h"" 1 3"
Example/C/gcc_mpi_omp/cavity_OpenFOAM_vtk/preprocessed.cpp,219650,atomic,"# 33 ""/home/app/gcc/9.5.0/include/c++/9.5.0/bits/atomic_base.h"" 3"
Example/C/gcc_mpi_omp/cavity_OpenFOAM_vtk/preprocessed.cpp,219652,atomic,"# 34 ""/home/app/gcc/9.5.0/include/c++/9.5.0/bits/atomic_base.h"" 3"
Example/C/gcc_mpi_omp/cavity_OpenFOAM_vtk/preprocessed.cpp,219656,atomic,"# 1 ""/home/app/gcc/9.5.0/include/c++/9.5.0/bits/atomic_lockfree_defines.h"" 1 3"
Example/C/gcc_mpi_omp/cavity_OpenFOAM_vtk/preprocessed.cpp,219657,atomic,"# 33 ""/home/app/gcc/9.5.0/include/c++/9.5.0/bits/atomic_lockfree_defines.h"" 3"
Example/C/gcc_mpi_omp/cavity_OpenFOAM_vtk/preprocessed.cpp,219659,atomic,"# 34 ""/home/app/gcc/9.5.0/include/c++/9.5.0/bits/atomic_lockfree_defines.h"" 3"
Example/C/gcc_mpi_omp/cavity_OpenFOAM_vtk/preprocessed.cpp,219660,atomic,"# 38 ""/home/app/gcc/9.5.0/include/c++/9.5.0/bits/atomic_base.h"" 2 3"
Example/C/gcc_mpi_omp/cavity_OpenFOAM_vtk/preprocessed.cpp,219667,atomic,"# 43 ""/home/app/gcc/9.5.0/include/c++/9.5.0/bits/atomic_base.h"" 3"
Example/C/gcc_mpi_omp/cavity_OpenFOAM_vtk/preprocessed.cpp,219671,atomic,"# 73 ""/home/app/gcc/9.5.0/include/c++/9.5.0/bits/atomic_base.h"" 3"
Example/C/gcc_mpi_omp/cavity_OpenFOAM_vtk/preprocessed.cpp,219719,atomic,atomic_thread_fence(memory_order __m) noexcept
Example/C/gcc_mpi_omp/cavity_OpenFOAM_vtk/preprocessed.cpp,219720,atomic,{ __atomic_thread_fence(int(__m)); }
Example/C/gcc_mpi_omp/cavity_OpenFOAM_vtk/preprocessed.cpp,219723,atomic,atomic_signal_fence(memory_order __m) noexcept
Example/C/gcc_mpi_omp/cavity_OpenFOAM_vtk/preprocessed.cpp,219724,atomic,{ __atomic_signal_fence(int(__m)); }
Example/C/gcc_mpi_omp/cavity_OpenFOAM_vtk/preprocessed.cpp,219738,atomic,struct __atomic_base;
Example/C/gcc_mpi_omp/cavity_OpenFOAM_vtk/preprocessed.cpp,219744,atomic,struct atomic;
Example/C/gcc_mpi_omp/cavity_OpenFOAM_vtk/preprocessed.cpp,219747,atomic,struct atomic<_Tp*>;
Example/C/gcc_mpi_omp/cavity_OpenFOAM_vtk/preprocessed.cpp,219751,atomic,typedef bool __atomic_flag_data_type;
Example/C/gcc_mpi_omp/cavity_OpenFOAM_vtk/preprocessed.cpp,219752,atomic,"# 167 ""/home/app/gcc/9.5.0/include/c++/9.5.0/bits/atomic_base.h"" 3"
Example/C/gcc_mpi_omp/cavity_OpenFOAM_vtk/preprocessed.cpp,219755,atomic,struct __atomic_flag_base
Example/C/gcc_mpi_omp/cavity_OpenFOAM_vtk/preprocessed.cpp,219757,atomic,__atomic_flag_data_type _M_i;
Example/C/gcc_mpi_omp/cavity_OpenFOAM_vtk/preprocessed.cpp,219765,atomic,struct atomic_flag : public __atomic_flag_base
Example/C/gcc_mpi_omp/cavity_OpenFOAM_vtk/preprocessed.cpp,219767,atomic,atomic_flag() noexcept = default;
Example/C/gcc_mpi_omp/cavity_OpenFOAM_vtk/preprocessed.cpp,219768,atomic,~atomic_flag() noexcept = default;
Example/C/gcc_mpi_omp/cavity_OpenFOAM_vtk/preprocessed.cpp,219769,atomic,atomic_flag(const atomic_flag&) = delete;
Example/C/gcc_mpi_omp/cavity_OpenFOAM_vtk/preprocessed.cpp,219770,atomic,atomic_flag& operator=(const atomic_flag&) = delete;
Example/C/gcc_mpi_omp/cavity_OpenFOAM_vtk/preprocessed.cpp,219771,atomic,atomic_flag& operator=(const atomic_flag&) volatile = delete;
Example/C/gcc_mpi_omp/cavity_OpenFOAM_vtk/preprocessed.cpp,219774,atomic,constexpr atomic_flag(bool __i) noexcept
Example/C/gcc_mpi_omp/cavity_OpenFOAM_vtk/preprocessed.cpp,219775,atomic,: __atomic_flag_base{ _S_init(__i) }
Example/C/gcc_mpi_omp/cavity_OpenFOAM_vtk/preprocessed.cpp,219781,atomic,"return __atomic_test_and_set (&_M_i, int(__m));"
Example/C/gcc_mpi_omp/cavity_OpenFOAM_vtk/preprocessed.cpp,219787,atomic,"return __atomic_test_and_set (&_M_i, int(__m));"
Example/C/gcc_mpi_omp/cavity_OpenFOAM_vtk/preprocessed.cpp,219798,atomic,"__atomic_clear (&_M_i, int(__m));"
Example/C/gcc_mpi_omp/cavity_OpenFOAM_vtk/preprocessed.cpp,219809,atomic,"__atomic_clear (&_M_i, int(__m));"
Example/C/gcc_mpi_omp/cavity_OpenFOAM_vtk/preprocessed.cpp,219813,atomic,static constexpr __atomic_flag_data_type
Example/C/gcc_mpi_omp/cavity_OpenFOAM_vtk/preprocessed.cpp,219817,atomic,"# 257 ""/home/app/gcc/9.5.0/include/c++/9.5.0/bits/atomic_base.h"" 3"
Example/C/gcc_mpi_omp/cavity_OpenFOAM_vtk/preprocessed.cpp,219819,atomic,struct __atomic_base
Example/C/gcc_mpi_omp/cavity_OpenFOAM_vtk/preprocessed.cpp,219833,atomic,__atomic_base() noexcept = default;
Example/C/gcc_mpi_omp/cavity_OpenFOAM_vtk/preprocessed.cpp,219834,atomic,~__atomic_base() noexcept = default;
Example/C/gcc_mpi_omp/cavity_OpenFOAM_vtk/preprocessed.cpp,219835,atomic,__atomic_base(const __atomic_base&) = delete;
Example/C/gcc_mpi_omp/cavity_OpenFOAM_vtk/preprocessed.cpp,219836,atomic,__atomic_base& operator=(const __atomic_base&) = delete;
Example/C/gcc_mpi_omp/cavity_OpenFOAM_vtk/preprocessed.cpp,219837,atomic,__atomic_base& operator=(const __atomic_base&) volatile = delete;
Example/C/gcc_mpi_omp/cavity_OpenFOAM_vtk/preprocessed.cpp,219840,atomic,constexpr __atomic_base(__int_type __i) noexcept : _M_i (__i) { }
Example/C/gcc_mpi_omp/cavity_OpenFOAM_vtk/preprocessed.cpp,219880,atomic,"{ return __atomic_add_fetch(&_M_i, 1, int(memory_order_seq_cst)); }"
Example/C/gcc_mpi_omp/cavity_OpenFOAM_vtk/preprocessed.cpp,219884,atomic,"{ return __atomic_add_fetch(&_M_i, 1, int(memory_order_seq_cst)); }"
Example/C/gcc_mpi_omp/cavity_OpenFOAM_vtk/preprocessed.cpp,219888,atomic,"{ return __atomic_sub_fetch(&_M_i, 1, int(memory_order_seq_cst)); }"
Example/C/gcc_mpi_omp/cavity_OpenFOAM_vtk/preprocessed.cpp,219892,atomic,"{ return __atomic_sub_fetch(&_M_i, 1, int(memory_order_seq_cst)); }"
Example/C/gcc_mpi_omp/cavity_OpenFOAM_vtk/preprocessed.cpp,219896,atomic,"{ return __atomic_add_fetch(&_M_i, __i, int(memory_order_seq_cst)); }"
Example/C/gcc_mpi_omp/cavity_OpenFOAM_vtk/preprocessed.cpp,219900,atomic,"{ return __atomic_add_fetch(&_M_i, __i, int(memory_order_seq_cst)); }"
Example/C/gcc_mpi_omp/cavity_OpenFOAM_vtk/preprocessed.cpp,219904,atomic,"{ return __atomic_sub_fetch(&_M_i, __i, int(memory_order_seq_cst)); }"
Example/C/gcc_mpi_omp/cavity_OpenFOAM_vtk/preprocessed.cpp,219908,atomic,"{ return __atomic_sub_fetch(&_M_i, __i, int(memory_order_seq_cst)); }"
Example/C/gcc_mpi_omp/cavity_OpenFOAM_vtk/preprocessed.cpp,219912,atomic,"{ return __atomic_and_fetch(&_M_i, __i, int(memory_order_seq_cst)); }"
Example/C/gcc_mpi_omp/cavity_OpenFOAM_vtk/preprocessed.cpp,219916,atomic,"{ return __atomic_and_fetch(&_M_i, __i, int(memory_order_seq_cst)); }"
Example/C/gcc_mpi_omp/cavity_OpenFOAM_vtk/preprocessed.cpp,219920,atomic,"{ return __atomic_or_fetch(&_M_i, __i, int(memory_order_seq_cst)); }"
Example/C/gcc_mpi_omp/cavity_OpenFOAM_vtk/preprocessed.cpp,219924,atomic,"{ return __atomic_or_fetch(&_M_i, __i, int(memory_order_seq_cst)); }"
Example/C/gcc_mpi_omp/cavity_OpenFOAM_vtk/preprocessed.cpp,219928,atomic,"{ return __atomic_xor_fetch(&_M_i, __i, int(memory_order_seq_cst)); }"
Example/C/gcc_mpi_omp/cavity_OpenFOAM_vtk/preprocessed.cpp,219932,atomic,"{ return __atomic_xor_fetch(&_M_i, __i, int(memory_order_seq_cst)); }"
Example/C/gcc_mpi_omp/cavity_OpenFOAM_vtk/preprocessed.cpp,219938,atomic,"return __atomic_is_lock_free(sizeof(_M_i),"
Example/C/gcc_mpi_omp/cavity_OpenFOAM_vtk/preprocessed.cpp,219946,atomic,"return __atomic_is_lock_free(sizeof(_M_i),"
Example/C/gcc_mpi_omp/cavity_OpenFOAM_vtk/preprocessed.cpp,219958,atomic,"__atomic_store_n(&_M_i, __i, int(__m));"
Example/C/gcc_mpi_omp/cavity_OpenFOAM_vtk/preprocessed.cpp,219970,atomic,"__atomic_store_n(&_M_i, __i, int(__m));"
Example/C/gcc_mpi_omp/cavity_OpenFOAM_vtk/preprocessed.cpp,219980,atomic,"return __atomic_load_n(&_M_i, int(__m));"
Example/C/gcc_mpi_omp/cavity_OpenFOAM_vtk/preprocessed.cpp,219990,atomic,"return __atomic_load_n(&_M_i, int(__m));"
Example/C/gcc_mpi_omp/cavity_OpenFOAM_vtk/preprocessed.cpp,219997,atomic,"return __atomic_exchange_n(&_M_i, __i, int(__m));"
Example/C/gcc_mpi_omp/cavity_OpenFOAM_vtk/preprocessed.cpp,220005,atomic,"return __atomic_exchange_n(&_M_i, __i, int(__m));"
Example/C/gcc_mpi_omp/cavity_OpenFOAM_vtk/preprocessed.cpp,220018,atomic,"return __atomic_compare_exchange_n(&_M_i, &__i1, __i2, 1,"
Example/C/gcc_mpi_omp/cavity_OpenFOAM_vtk/preprocessed.cpp,220033,atomic,"return __atomic_compare_exchange_n(&_M_i, &__i1, __i2, 1,"
Example/C/gcc_mpi_omp/cavity_OpenFOAM_vtk/preprocessed.cpp,220063,atomic,"return __atomic_compare_exchange_n(&_M_i, &__i1, __i2, 0,"
Example/C/gcc_mpi_omp/cavity_OpenFOAM_vtk/preprocessed.cpp,220079,atomic,"return __atomic_compare_exchange_n(&_M_i, &__i1, __i2, 0,"
Example/C/gcc_mpi_omp/cavity_OpenFOAM_vtk/preprocessed.cpp,220102,atomic,"{ return __atomic_fetch_add(&_M_i, __i, int(__m)); }"
Example/C/gcc_mpi_omp/cavity_OpenFOAM_vtk/preprocessed.cpp,220107,atomic,"{ return __atomic_fetch_add(&_M_i, __i, int(__m)); }"
Example/C/gcc_mpi_omp/cavity_OpenFOAM_vtk/preprocessed.cpp,220112,atomic,"{ return __atomic_fetch_sub(&_M_i, __i, int(__m)); }"
Example/C/gcc_mpi_omp/cavity_OpenFOAM_vtk/preprocessed.cpp,220117,atomic,"{ return __atomic_fetch_sub(&_M_i, __i, int(__m)); }"
Example/C/gcc_mpi_omp/cavity_OpenFOAM_vtk/preprocessed.cpp,220122,atomic,"{ return __atomic_fetch_and(&_M_i, __i, int(__m)); }"
Example/C/gcc_mpi_omp/cavity_OpenFOAM_vtk/preprocessed.cpp,220127,atomic,"{ return __atomic_fetch_and(&_M_i, __i, int(__m)); }"
Example/C/gcc_mpi_omp/cavity_OpenFOAM_vtk/preprocessed.cpp,220132,atomic,"{ return __atomic_fetch_or(&_M_i, __i, int(__m)); }"
Example/C/gcc_mpi_omp/cavity_OpenFOAM_vtk/preprocessed.cpp,220137,atomic,"{ return __atomic_fetch_or(&_M_i, __i, int(__m)); }"
Example/C/gcc_mpi_omp/cavity_OpenFOAM_vtk/preprocessed.cpp,220142,atomic,"{ return __atomic_fetch_xor(&_M_i, __i, int(__m)); }"
Example/C/gcc_mpi_omp/cavity_OpenFOAM_vtk/preprocessed.cpp,220147,atomic,"{ return __atomic_fetch_xor(&_M_i, __i, int(__m)); }"
Example/C/gcc_mpi_omp/cavity_OpenFOAM_vtk/preprocessed.cpp,220153,atomic,struct __atomic_base<_PTp*>
Example/C/gcc_mpi_omp/cavity_OpenFOAM_vtk/preprocessed.cpp,220168,atomic,__atomic_base() noexcept = default;
Example/C/gcc_mpi_omp/cavity_OpenFOAM_vtk/preprocessed.cpp,220169,atomic,~__atomic_base() noexcept = default;
Example/C/gcc_mpi_omp/cavity_OpenFOAM_vtk/preprocessed.cpp,220170,atomic,__atomic_base(const __atomic_base&) = delete;
Example/C/gcc_mpi_omp/cavity_OpenFOAM_vtk/preprocessed.cpp,220171,atomic,__atomic_base& operator=(const __atomic_base&) = delete;
Example/C/gcc_mpi_omp/cavity_OpenFOAM_vtk/preprocessed.cpp,220172,atomic,__atomic_base& operator=(const __atomic_base&) volatile = delete;
Example/C/gcc_mpi_omp/cavity_OpenFOAM_vtk/preprocessed.cpp,220175,atomic,constexpr __atomic_base(__pointer_type __p) noexcept : _M_p (__p) { }
Example/C/gcc_mpi_omp/cavity_OpenFOAM_vtk/preprocessed.cpp,220215,atomic,"{ return __atomic_add_fetch(&_M_p, _M_type_size(1),"
Example/C/gcc_mpi_omp/cavity_OpenFOAM_vtk/preprocessed.cpp,220220,atomic,"{ return __atomic_add_fetch(&_M_p, _M_type_size(1),"
Example/C/gcc_mpi_omp/cavity_OpenFOAM_vtk/preprocessed.cpp,220225,atomic,"{ return __atomic_sub_fetch(&_M_p, _M_type_size(1),"
Example/C/gcc_mpi_omp/cavity_OpenFOAM_vtk/preprocessed.cpp,220230,atomic,"{ return __atomic_sub_fetch(&_M_p, _M_type_size(1),"
Example/C/gcc_mpi_omp/cavity_OpenFOAM_vtk/preprocessed.cpp,220235,atomic,"{ return __atomic_add_fetch(&_M_p, _M_type_size(__d),"
Example/C/gcc_mpi_omp/cavity_OpenFOAM_vtk/preprocessed.cpp,220240,atomic,"{ return __atomic_add_fetch(&_M_p, _M_type_size(__d),"
Example/C/gcc_mpi_omp/cavity_OpenFOAM_vtk/preprocessed.cpp,220245,atomic,"{ return __atomic_sub_fetch(&_M_p, _M_type_size(__d),"
Example/C/gcc_mpi_omp/cavity_OpenFOAM_vtk/preprocessed.cpp,220250,atomic,"{ return __atomic_sub_fetch(&_M_p, _M_type_size(__d),"
Example/C/gcc_mpi_omp/cavity_OpenFOAM_vtk/preprocessed.cpp,220257,atomic,"return __atomic_is_lock_free(sizeof(_M_p),"
Example/C/gcc_mpi_omp/cavity_OpenFOAM_vtk/preprocessed.cpp,220265,atomic,"return __atomic_is_lock_free(sizeof(_M_p),"
Example/C/gcc_mpi_omp/cavity_OpenFOAM_vtk/preprocessed.cpp,220279,atomic,"__atomic_store_n(&_M_p, __p, int(__m));"
Example/C/gcc_mpi_omp/cavity_OpenFOAM_vtk/preprocessed.cpp,220291,atomic,"__atomic_store_n(&_M_p, __p, int(__m));"
Example/C/gcc_mpi_omp/cavity_OpenFOAM_vtk/preprocessed.cpp,220301,atomic,"return __atomic_load_n(&_M_p, int(__m));"
Example/C/gcc_mpi_omp/cavity_OpenFOAM_vtk/preprocessed.cpp,220311,atomic,"return __atomic_load_n(&_M_p, int(__m));"
Example/C/gcc_mpi_omp/cavity_OpenFOAM_vtk/preprocessed.cpp,220318,atomic,"return __atomic_exchange_n(&_M_p, __p, int(__m));"
Example/C/gcc_mpi_omp/cavity_OpenFOAM_vtk/preprocessed.cpp,220326,atomic,"return __atomic_exchange_n(&_M_p, __p, int(__m));"
Example/C/gcc_mpi_omp/cavity_OpenFOAM_vtk/preprocessed.cpp,220340,atomic,"return __atomic_compare_exchange_n(&_M_p, &__p1, __p2, 0,"
Example/C/gcc_mpi_omp/cavity_OpenFOAM_vtk/preprocessed.cpp,220356,atomic,"return __atomic_compare_exchange_n(&_M_p, &__p1, __p2, 0,"
Example/C/gcc_mpi_omp/cavity_OpenFOAM_vtk/preprocessed.cpp,220363,atomic,"{ return __atomic_fetch_add(&_M_p, _M_type_size(__d), int(__m)); }"
Example/C/gcc_mpi_omp/cavity_OpenFOAM_vtk/preprocessed.cpp,220368,atomic,"{ return __atomic_fetch_add(&_M_p, _M_type_size(__d), int(__m)); }"
Example/C/gcc_mpi_omp/cavity_OpenFOAM_vtk/preprocessed.cpp,220373,atomic,"{ return __atomic_fetch_sub(&_M_p, _M_type_size(__d), int(__m)); }"
Example/C/gcc_mpi_omp/cavity_OpenFOAM_vtk/preprocessed.cpp,220378,atomic,"{ return __atomic_fetch_sub(&_M_p, _M_type_size(__d), int(__m)); }"
Example/C/gcc_mpi_omp/cavity_OpenFOAM_vtk/preprocessed.cpp,220385,atomic,"# 42 ""/home/app/gcc/9.5.0/include/c++/9.5.0/atomic"" 2 3"
Example/C/gcc_mpi_omp/cavity_OpenFOAM_vtk/preprocessed.cpp,220391,atomic,"# 57 ""/home/app/gcc/9.5.0/include/c++/9.5.0/atomic"" 3"
Example/C/gcc_mpi_omp/cavity_OpenFOAM_vtk/preprocessed.cpp,220393,atomic,struct atomic;
Example/C/gcc_mpi_omp/cavity_OpenFOAM_vtk/preprocessed.cpp,220398,atomic,struct atomic<bool>
Example/C/gcc_mpi_omp/cavity_OpenFOAM_vtk/preprocessed.cpp,220403,atomic,__atomic_base<bool> _M_base;
Example/C/gcc_mpi_omp/cavity_OpenFOAM_vtk/preprocessed.cpp,220406,atomic,atomic() noexcept = default;
Example/C/gcc_mpi_omp/cavity_OpenFOAM_vtk/preprocessed.cpp,220407,atomic,~atomic() noexcept = default;
Example/C/gcc_mpi_omp/cavity_OpenFOAM_vtk/preprocessed.cpp,220408,atomic,atomic(const atomic&) = delete;
Example/C/gcc_mpi_omp/cavity_OpenFOAM_vtk/preprocessed.cpp,220409,atomic,atomic& operator=(const atomic&) = delete;
Example/C/gcc_mpi_omp/cavity_OpenFOAM_vtk/preprocessed.cpp,220410,atomic,atomic& operator=(const atomic&) volatile = delete;
Example/C/gcc_mpi_omp/cavity_OpenFOAM_vtk/preprocessed.cpp,220412,atomic,constexpr atomic(bool __i) noexcept : _M_base(__i) { }
Example/C/gcc_mpi_omp/cavity_OpenFOAM_vtk/preprocessed.cpp,220511,atomic,struct atomic
Example/C/gcc_mpi_omp/cavity_OpenFOAM_vtk/preprocessed.cpp,220527,atomic,"""std::atomic requires a trivially copyable type"");"
Example/C/gcc_mpi_omp/cavity_OpenFOAM_vtk/preprocessed.cpp,220533,atomic,atomic() noexcept = default;
Example/C/gcc_mpi_omp/cavity_OpenFOAM_vtk/preprocessed.cpp,220534,atomic,~atomic() noexcept = default;
Example/C/gcc_mpi_omp/cavity_OpenFOAM_vtk/preprocessed.cpp,220535,atomic,atomic(const atomic&) = delete;
Example/C/gcc_mpi_omp/cavity_OpenFOAM_vtk/preprocessed.cpp,220536,atomic,atomic& operator=(const atomic&) = delete;
Example/C/gcc_mpi_omp/cavity_OpenFOAM_vtk/preprocessed.cpp,220537,atomic,atomic& operator=(const atomic&) volatile = delete;
Example/C/gcc_mpi_omp/cavity_OpenFOAM_vtk/preprocessed.cpp,220539,atomic,constexpr atomic(_Tp __i) noexcept : _M_i(__i) { }
Example/C/gcc_mpi_omp/cavity_OpenFOAM_vtk/preprocessed.cpp,220559,atomic,"return __atomic_is_lock_free(sizeof(_M_i),"
Example/C/gcc_mpi_omp/cavity_OpenFOAM_vtk/preprocessed.cpp,220567,atomic,"return __atomic_is_lock_free(sizeof(_M_i),"
Example/C/gcc_mpi_omp/cavity_OpenFOAM_vtk/preprocessed.cpp,220578,atomic,"{ __atomic_store(std::__addressof(_M_i), std::__addressof(__i), int(__m)); }"
Example/C/gcc_mpi_omp/cavity_OpenFOAM_vtk/preprocessed.cpp,220582,atomic,"{ __atomic_store(std::__addressof(_M_i), std::__addressof(__i), int(__m)); }"
Example/C/gcc_mpi_omp/cavity_OpenFOAM_vtk/preprocessed.cpp,220589,atomic,"__atomic_load(std::__addressof(_M_i), __ptr, int(__m));"
Example/C/gcc_mpi_omp/cavity_OpenFOAM_vtk/preprocessed.cpp,220598,atomic,"__atomic_load(std::__addressof(_M_i), __ptr, int(__m));"
Example/C/gcc_mpi_omp/cavity_OpenFOAM_vtk/preprocessed.cpp,220607,atomic,"__atomic_exchange(std::__addressof(_M_i), std::__addressof(__i),"
Example/C/gcc_mpi_omp/cavity_OpenFOAM_vtk/preprocessed.cpp,220618,atomic,"__atomic_exchange(std::__addressof(_M_i), std::__addressof(__i),"
Example/C/gcc_mpi_omp/cavity_OpenFOAM_vtk/preprocessed.cpp,220627,atomic,"return __atomic_compare_exchange(std::__addressof(_M_i),"
Example/C/gcc_mpi_omp/cavity_OpenFOAM_vtk/preprocessed.cpp,220637,atomic,"return __atomic_compare_exchange(std::__addressof(_M_i),"
Example/C/gcc_mpi_omp/cavity_OpenFOAM_vtk/preprocessed.cpp,220659,atomic,"return __atomic_compare_exchange(std::__addressof(_M_i),"
Example/C/gcc_mpi_omp/cavity_OpenFOAM_vtk/preprocessed.cpp,220669,atomic,"return __atomic_compare_exchange(std::__addressof(_M_i),"
Example/C/gcc_mpi_omp/cavity_OpenFOAM_vtk/preprocessed.cpp,220691,atomic,struct atomic<_Tp*>
Example/C/gcc_mpi_omp/cavity_OpenFOAM_vtk/preprocessed.cpp,220697,atomic,typedef __atomic_base<_Tp*> __base_type;
Example/C/gcc_mpi_omp/cavity_OpenFOAM_vtk/preprocessed.cpp,220700,atomic,atomic() noexcept = default;
Example/C/gcc_mpi_omp/cavity_OpenFOAM_vtk/preprocessed.cpp,220701,atomic,~atomic() noexcept = default;
Example/C/gcc_mpi_omp/cavity_OpenFOAM_vtk/preprocessed.cpp,220702,atomic,atomic(const atomic&) = delete;
Example/C/gcc_mpi_omp/cavity_OpenFOAM_vtk/preprocessed.cpp,220703,atomic,atomic& operator=(const atomic&) = delete;
Example/C/gcc_mpi_omp/cavity_OpenFOAM_vtk/preprocessed.cpp,220704,atomic,atomic& operator=(const atomic&) volatile = delete;
Example/C/gcc_mpi_omp/cavity_OpenFOAM_vtk/preprocessed.cpp,220706,atomic,constexpr atomic(__pointer_type __p) noexcept : _M_b(__p) { }
Example/C/gcc_mpi_omp/cavity_OpenFOAM_vtk/preprocessed.cpp,220968,atomic,struct atomic<char> : __atomic_base<char>
Example/C/gcc_mpi_omp/cavity_OpenFOAM_vtk/preprocessed.cpp,220971,atomic,typedef __atomic_base<char> __base_type;
Example/C/gcc_mpi_omp/cavity_OpenFOAM_vtk/preprocessed.cpp,220973,atomic,atomic() noexcept = default;
Example/C/gcc_mpi_omp/cavity_OpenFOAM_vtk/preprocessed.cpp,220974,atomic,~atomic() noexcept = default;
Example/C/gcc_mpi_omp/cavity_OpenFOAM_vtk/preprocessed.cpp,220975,atomic,atomic(const atomic&) = delete;
Example/C/gcc_mpi_omp/cavity_OpenFOAM_vtk/preprocessed.cpp,220976,atomic,atomic& operator=(const atomic&) = delete;
Example/C/gcc_mpi_omp/cavity_OpenFOAM_vtk/preprocessed.cpp,220977,atomic,atomic& operator=(const atomic&) volatile = delete;
Example/C/gcc_mpi_omp/cavity_OpenFOAM_vtk/preprocessed.cpp,220979,atomic,constexpr atomic(__integral_type __i) noexcept : __base_type(__i) { }
Example/C/gcc_mpi_omp/cavity_OpenFOAM_vtk/preprocessed.cpp,220991,atomic,struct atomic<signed char> : __atomic_base<signed char>
Example/C/gcc_mpi_omp/cavity_OpenFOAM_vtk/preprocessed.cpp,220994,atomic,typedef __atomic_base<signed char> __base_type;
Example/C/gcc_mpi_omp/cavity_OpenFOAM_vtk/preprocessed.cpp,220996,atomic,atomic() noexcept= default;
Example/C/gcc_mpi_omp/cavity_OpenFOAM_vtk/preprocessed.cpp,220997,atomic,~atomic() noexcept = default;
Example/C/gcc_mpi_omp/cavity_OpenFOAM_vtk/preprocessed.cpp,220998,atomic,atomic(const atomic&) = delete;
Example/C/gcc_mpi_omp/cavity_OpenFOAM_vtk/preprocessed.cpp,220999,atomic,atomic& operator=(const atomic&) = delete;
Example/C/gcc_mpi_omp/cavity_OpenFOAM_vtk/preprocessed.cpp,221000,atomic,atomic& operator=(const atomic&) volatile = delete;
Example/C/gcc_mpi_omp/cavity_OpenFOAM_vtk/preprocessed.cpp,221002,atomic,constexpr atomic(__integral_type __i) noexcept : __base_type(__i) { }
Example/C/gcc_mpi_omp/cavity_OpenFOAM_vtk/preprocessed.cpp,221014,atomic,struct atomic<unsigned char> : __atomic_base<unsigned char>
Example/C/gcc_mpi_omp/cavity_OpenFOAM_vtk/preprocessed.cpp,221017,atomic,typedef __atomic_base<unsigned char> __base_type;
Example/C/gcc_mpi_omp/cavity_OpenFOAM_vtk/preprocessed.cpp,221019,atomic,atomic() noexcept= default;
Example/C/gcc_mpi_omp/cavity_OpenFOAM_vtk/preprocessed.cpp,221020,atomic,~atomic() noexcept = default;
Example/C/gcc_mpi_omp/cavity_OpenFOAM_vtk/preprocessed.cpp,221021,atomic,atomic(const atomic&) = delete;
Example/C/gcc_mpi_omp/cavity_OpenFOAM_vtk/preprocessed.cpp,221022,atomic,atomic& operator=(const atomic&) = delete;
Example/C/gcc_mpi_omp/cavity_OpenFOAM_vtk/preprocessed.cpp,221023,atomic,atomic& operator=(const atomic&) volatile = delete;
Example/C/gcc_mpi_omp/cavity_OpenFOAM_vtk/preprocessed.cpp,221025,atomic,constexpr atomic(__integral_type __i) noexcept : __base_type(__i) { }
Example/C/gcc_mpi_omp/cavity_OpenFOAM_vtk/preprocessed.cpp,221037,atomic,struct atomic<short> : __atomic_base<short>
Example/C/gcc_mpi_omp/cavity_OpenFOAM_vtk/preprocessed.cpp,221040,atomic,typedef __atomic_base<short> __base_type;
Example/C/gcc_mpi_omp/cavity_OpenFOAM_vtk/preprocessed.cpp,221042,atomic,atomic() noexcept = default;
Example/C/gcc_mpi_omp/cavity_OpenFOAM_vtk/preprocessed.cpp,221043,atomic,~atomic() noexcept = default;
Example/C/gcc_mpi_omp/cavity_OpenFOAM_vtk/preprocessed.cpp,221044,atomic,atomic(const atomic&) = delete;
Example/C/gcc_mpi_omp/cavity_OpenFOAM_vtk/preprocessed.cpp,221045,atomic,atomic& operator=(const atomic&) = delete;
Example/C/gcc_mpi_omp/cavity_OpenFOAM_vtk/preprocessed.cpp,221046,atomic,atomic& operator=(const atomic&) volatile = delete;
Example/C/gcc_mpi_omp/cavity_OpenFOAM_vtk/preprocessed.cpp,221048,atomic,constexpr atomic(__integral_type __i) noexcept : __base_type(__i) { }
Example/C/gcc_mpi_omp/cavity_OpenFOAM_vtk/preprocessed.cpp,221060,atomic,struct atomic<unsigned short> : __atomic_base<unsigned short>
Example/C/gcc_mpi_omp/cavity_OpenFOAM_vtk/preprocessed.cpp,221063,atomic,typedef __atomic_base<unsigned short> __base_type;
Example/C/gcc_mpi_omp/cavity_OpenFOAM_vtk/preprocessed.cpp,221065,atomic,atomic() noexcept = default;
Example/C/gcc_mpi_omp/cavity_OpenFOAM_vtk/preprocessed.cpp,221066,atomic,~atomic() noexcept = default;
Example/C/gcc_mpi_omp/cavity_OpenFOAM_vtk/preprocessed.cpp,221067,atomic,atomic(const atomic&) = delete;
Example/C/gcc_mpi_omp/cavity_OpenFOAM_vtk/preprocessed.cpp,221068,atomic,atomic& operator=(const atomic&) = delete;
Example/C/gcc_mpi_omp/cavity_OpenFOAM_vtk/preprocessed.cpp,221069,atomic,atomic& operator=(const atomic&) volatile = delete;
Example/C/gcc_mpi_omp/cavity_OpenFOAM_vtk/preprocessed.cpp,221071,atomic,constexpr atomic(__integral_type __i) noexcept : __base_type(__i) { }
Example/C/gcc_mpi_omp/cavity_OpenFOAM_vtk/preprocessed.cpp,221083,atomic,struct atomic<int> : __atomic_base<int>
Example/C/gcc_mpi_omp/cavity_OpenFOAM_vtk/preprocessed.cpp,221086,atomic,typedef __atomic_base<int> __base_type;
Example/C/gcc_mpi_omp/cavity_OpenFOAM_vtk/preprocessed.cpp,221088,atomic,atomic() noexcept = default;
Example/C/gcc_mpi_omp/cavity_OpenFOAM_vtk/preprocessed.cpp,221089,atomic,~atomic() noexcept = default;
Example/C/gcc_mpi_omp/cavity_OpenFOAM_vtk/preprocessed.cpp,221090,atomic,atomic(const atomic&) = delete;
Example/C/gcc_mpi_omp/cavity_OpenFOAM_vtk/preprocessed.cpp,221091,atomic,atomic& operator=(const atomic&) = delete;
Example/C/gcc_mpi_omp/cavity_OpenFOAM_vtk/preprocessed.cpp,221092,atomic,atomic& operator=(const atomic&) volatile = delete;
Example/C/gcc_mpi_omp/cavity_OpenFOAM_vtk/preprocessed.cpp,221094,atomic,constexpr atomic(__integral_type __i) noexcept : __base_type(__i) { }
Example/C/gcc_mpi_omp/cavity_OpenFOAM_vtk/preprocessed.cpp,221106,atomic,struct atomic<unsigned int> : __atomic_base<unsigned int>
Example/C/gcc_mpi_omp/cavity_OpenFOAM_vtk/preprocessed.cpp,221109,atomic,typedef __atomic_base<unsigned int> __base_type;
Example/C/gcc_mpi_omp/cavity_OpenFOAM_vtk/preprocessed.cpp,221111,atomic,atomic() noexcept = default;
Example/C/gcc_mpi_omp/cavity_OpenFOAM_vtk/preprocessed.cpp,221112,atomic,~atomic() noexcept = default;
Example/C/gcc_mpi_omp/cavity_OpenFOAM_vtk/preprocessed.cpp,221113,atomic,atomic(const atomic&) = delete;
Example/C/gcc_mpi_omp/cavity_OpenFOAM_vtk/preprocessed.cpp,221114,atomic,atomic& operator=(const atomic&) = delete;
Example/C/gcc_mpi_omp/cavity_OpenFOAM_vtk/preprocessed.cpp,221115,atomic,atomic& operator=(const atomic&) volatile = delete;
Example/C/gcc_mpi_omp/cavity_OpenFOAM_vtk/preprocessed.cpp,221117,atomic,constexpr atomic(__integral_type __i) noexcept : __base_type(__i) { }
Example/C/gcc_mpi_omp/cavity_OpenFOAM_vtk/preprocessed.cpp,221129,atomic,struct atomic<long> : __atomic_base<long>
Example/C/gcc_mpi_omp/cavity_OpenFOAM_vtk/preprocessed.cpp,221132,atomic,typedef __atomic_base<long> __base_type;
Example/C/gcc_mpi_omp/cavity_OpenFOAM_vtk/preprocessed.cpp,221134,atomic,atomic() noexcept = default;
Example/C/gcc_mpi_omp/cavity_OpenFOAM_vtk/preprocessed.cpp,221135,atomic,~atomic() noexcept = default;
Example/C/gcc_mpi_omp/cavity_OpenFOAM_vtk/preprocessed.cpp,221136,atomic,atomic(const atomic&) = delete;
Example/C/gcc_mpi_omp/cavity_OpenFOAM_vtk/preprocessed.cpp,221137,atomic,atomic& operator=(const atomic&) = delete;
Example/C/gcc_mpi_omp/cavity_OpenFOAM_vtk/preprocessed.cpp,221138,atomic,atomic& operator=(const atomic&) volatile = delete;
Example/C/gcc_mpi_omp/cavity_OpenFOAM_vtk/preprocessed.cpp,221140,atomic,constexpr atomic(__integral_type __i) noexcept : __base_type(__i) { }
Example/C/gcc_mpi_omp/cavity_OpenFOAM_vtk/preprocessed.cpp,221152,atomic,struct atomic<unsigned long> : __atomic_base<unsigned long>
Example/C/gcc_mpi_omp/cavity_OpenFOAM_vtk/preprocessed.cpp,221155,atomic,typedef __atomic_base<unsigned long> __base_type;
Example/C/gcc_mpi_omp/cavity_OpenFOAM_vtk/preprocessed.cpp,221157,atomic,atomic() noexcept = default;
Example/C/gcc_mpi_omp/cavity_OpenFOAM_vtk/preprocessed.cpp,221158,atomic,~atomic() noexcept = default;
Example/C/gcc_mpi_omp/cavity_OpenFOAM_vtk/preprocessed.cpp,221159,atomic,atomic(const atomic&) = delete;
Example/C/gcc_mpi_omp/cavity_OpenFOAM_vtk/preprocessed.cpp,221160,atomic,atomic& operator=(const atomic&) = delete;
Example/C/gcc_mpi_omp/cavity_OpenFOAM_vtk/preprocessed.cpp,221161,atomic,atomic& operator=(const atomic&) volatile = delete;
Example/C/gcc_mpi_omp/cavity_OpenFOAM_vtk/preprocessed.cpp,221163,atomic,constexpr atomic(__integral_type __i) noexcept : __base_type(__i) { }
Example/C/gcc_mpi_omp/cavity_OpenFOAM_vtk/preprocessed.cpp,221175,atomic,struct atomic<long long> : __atomic_base<long long>
Example/C/gcc_mpi_omp/cavity_OpenFOAM_vtk/preprocessed.cpp,221178,atomic,typedef __atomic_base<long long> __base_type;
Example/C/gcc_mpi_omp/cavity_OpenFOAM_vtk/preprocessed.cpp,221180,atomic,atomic() noexcept = default;
Example/C/gcc_mpi_omp/cavity_OpenFOAM_vtk/preprocessed.cpp,221181,atomic,~atomic() noexcept = default;
Example/C/gcc_mpi_omp/cavity_OpenFOAM_vtk/preprocessed.cpp,221182,atomic,atomic(const atomic&) = delete;
Example/C/gcc_mpi_omp/cavity_OpenFOAM_vtk/preprocessed.cpp,221183,atomic,atomic& operator=(const atomic&) = delete;
Example/C/gcc_mpi_omp/cavity_OpenFOAM_vtk/preprocessed.cpp,221184,atomic,atomic& operator=(const atomic&) volatile = delete;
Example/C/gcc_mpi_omp/cavity_OpenFOAM_vtk/preprocessed.cpp,221186,atomic,constexpr atomic(__integral_type __i) noexcept : __base_type(__i) { }
Example/C/gcc_mpi_omp/cavity_OpenFOAM_vtk/preprocessed.cpp,221198,atomic,struct atomic<unsigned long long> : __atomic_base<unsigned long long>
Example/C/gcc_mpi_omp/cavity_OpenFOAM_vtk/preprocessed.cpp,221201,atomic,typedef __atomic_base<unsigned long long> __base_type;
Example/C/gcc_mpi_omp/cavity_OpenFOAM_vtk/preprocessed.cpp,221203,atomic,atomic() noexcept = default;
Example/C/gcc_mpi_omp/cavity_OpenFOAM_vtk/preprocessed.cpp,221204,atomic,~atomic() noexcept = default;
Example/C/gcc_mpi_omp/cavity_OpenFOAM_vtk/preprocessed.cpp,221205,atomic,atomic(const atomic&) = delete;
Example/C/gcc_mpi_omp/cavity_OpenFOAM_vtk/preprocessed.cpp,221206,atomic,atomic& operator=(const atomic&) = delete;
Example/C/gcc_mpi_omp/cavity_OpenFOAM_vtk/preprocessed.cpp,221207,atomic,atomic& operator=(const atomic&) volatile = delete;
Example/C/gcc_mpi_omp/cavity_OpenFOAM_vtk/preprocessed.cpp,221209,atomic,constexpr atomic(__integral_type __i) noexcept : __base_type(__i) { }
Example/C/gcc_mpi_omp/cavity_OpenFOAM_vtk/preprocessed.cpp,221221,atomic,struct atomic<wchar_t> : __atomic_base<wchar_t>
Example/C/gcc_mpi_omp/cavity_OpenFOAM_vtk/preprocessed.cpp,221224,atomic,typedef __atomic_base<wchar_t> __base_type;
Example/C/gcc_mpi_omp/cavity_OpenFOAM_vtk/preprocessed.cpp,221226,atomic,atomic() noexcept = default;
Example/C/gcc_mpi_omp/cavity_OpenFOAM_vtk/preprocessed.cpp,221227,atomic,~atomic() noexcept = default;
Example/C/gcc_mpi_omp/cavity_OpenFOAM_vtk/preprocessed.cpp,221228,atomic,atomic(const atomic&) = delete;
Example/C/gcc_mpi_omp/cavity_OpenFOAM_vtk/preprocessed.cpp,221229,atomic,atomic& operator=(const atomic&) = delete;
Example/C/gcc_mpi_omp/cavity_OpenFOAM_vtk/preprocessed.cpp,221230,atomic,atomic& operator=(const atomic&) volatile = delete;
Example/C/gcc_mpi_omp/cavity_OpenFOAM_vtk/preprocessed.cpp,221232,atomic,constexpr atomic(__integral_type __i) noexcept : __base_type(__i) { }
Example/C/gcc_mpi_omp/cavity_OpenFOAM_vtk/preprocessed.cpp,221241,atomic,"# 933 ""/home/app/gcc/9.5.0/include/c++/9.5.0/atomic"" 3"
Example/C/gcc_mpi_omp/cavity_OpenFOAM_vtk/preprocessed.cpp,221243,atomic,struct atomic<char16_t> : __atomic_base<char16_t>
Example/C/gcc_mpi_omp/cavity_OpenFOAM_vtk/preprocessed.cpp,221246,atomic,typedef __atomic_base<char16_t> __base_type;
Example/C/gcc_mpi_omp/cavity_OpenFOAM_vtk/preprocessed.cpp,221248,atomic,atomic() noexcept = default;
Example/C/gcc_mpi_omp/cavity_OpenFOAM_vtk/preprocessed.cpp,221249,atomic,~atomic() noexcept = default;
Example/C/gcc_mpi_omp/cavity_OpenFOAM_vtk/preprocessed.cpp,221250,atomic,atomic(const atomic&) = delete;
Example/C/gcc_mpi_omp/cavity_OpenFOAM_vtk/preprocessed.cpp,221251,atomic,atomic& operator=(const atomic&) = delete;
Example/C/gcc_mpi_omp/cavity_OpenFOAM_vtk/preprocessed.cpp,221252,atomic,atomic& operator=(const atomic&) volatile = delete;
Example/C/gcc_mpi_omp/cavity_OpenFOAM_vtk/preprocessed.cpp,221254,atomic,constexpr atomic(__integral_type __i) noexcept : __base_type(__i) { }
Example/C/gcc_mpi_omp/cavity_OpenFOAM_vtk/preprocessed.cpp,221266,atomic,struct atomic<char32_t> : __atomic_base<char32_t>
Example/C/gcc_mpi_omp/cavity_OpenFOAM_vtk/preprocessed.cpp,221269,atomic,typedef __atomic_base<char32_t> __base_type;
Example/C/gcc_mpi_omp/cavity_OpenFOAM_vtk/preprocessed.cpp,221271,atomic,atomic() noexcept = default;
Example/C/gcc_mpi_omp/cavity_OpenFOAM_vtk/preprocessed.cpp,221272,atomic,~atomic() noexcept = default;
Example/C/gcc_mpi_omp/cavity_OpenFOAM_vtk/preprocessed.cpp,221273,atomic,atomic(const atomic&) = delete;
Example/C/gcc_mpi_omp/cavity_OpenFOAM_vtk/preprocessed.cpp,221274,atomic,atomic& operator=(const atomic&) = delete;
Example/C/gcc_mpi_omp/cavity_OpenFOAM_vtk/preprocessed.cpp,221275,atomic,atomic& operator=(const atomic&) volatile = delete;
Example/C/gcc_mpi_omp/cavity_OpenFOAM_vtk/preprocessed.cpp,221277,atomic,constexpr atomic(__integral_type __i) noexcept : __base_type(__i) { }
Example/C/gcc_mpi_omp/cavity_OpenFOAM_vtk/preprocessed.cpp,221289,atomic,typedef atomic<bool> atomic_bool;
Example/C/gcc_mpi_omp/cavity_OpenFOAM_vtk/preprocessed.cpp,221292,atomic,typedef atomic<char> atomic_char;
Example/C/gcc_mpi_omp/cavity_OpenFOAM_vtk/preprocessed.cpp,221295,atomic,typedef atomic<signed char> atomic_schar;
Example/C/gcc_mpi_omp/cavity_OpenFOAM_vtk/preprocessed.cpp,221298,atomic,typedef atomic<unsigned char> atomic_uchar;
Example/C/gcc_mpi_omp/cavity_OpenFOAM_vtk/preprocessed.cpp,221301,atomic,typedef atomic<short> atomic_short;
Example/C/gcc_mpi_omp/cavity_OpenFOAM_vtk/preprocessed.cpp,221304,atomic,typedef atomic<unsigned short> atomic_ushort;
Example/C/gcc_mpi_omp/cavity_OpenFOAM_vtk/preprocessed.cpp,221307,atomic,typedef atomic<int> atomic_int;
Example/C/gcc_mpi_omp/cavity_OpenFOAM_vtk/preprocessed.cpp,221310,atomic,typedef atomic<unsigned int> atomic_uint;
Example/C/gcc_mpi_omp/cavity_OpenFOAM_vtk/preprocessed.cpp,221313,atomic,typedef atomic<long> atomic_long;
Example/C/gcc_mpi_omp/cavity_OpenFOAM_vtk/preprocessed.cpp,221316,atomic,typedef atomic<unsigned long> atomic_ulong;
Example/C/gcc_mpi_omp/cavity_OpenFOAM_vtk/preprocessed.cpp,221319,atomic,typedef atomic<long long> atomic_llong;
Example/C/gcc_mpi_omp/cavity_OpenFOAM_vtk/preprocessed.cpp,221322,atomic,typedef atomic<unsigned long long> atomic_ullong;
Example/C/gcc_mpi_omp/cavity_OpenFOAM_vtk/preprocessed.cpp,221325,atomic,typedef atomic<wchar_t> atomic_wchar_t;
Example/C/gcc_mpi_omp/cavity_OpenFOAM_vtk/preprocessed.cpp,221333,atomic,typedef atomic<char16_t> atomic_char16_t;
Example/C/gcc_mpi_omp/cavity_OpenFOAM_vtk/preprocessed.cpp,221336,atomic,typedef atomic<char32_t> atomic_char32_t;
Example/C/gcc_mpi_omp/cavity_OpenFOAM_vtk/preprocessed.cpp,221343,atomic,typedef atomic<int8_t> atomic_int8_t;
Example/C/gcc_mpi_omp/cavity_OpenFOAM_vtk/preprocessed.cpp,221346,atomic,typedef atomic<uint8_t> atomic_uint8_t;
Example/C/gcc_mpi_omp/cavity_OpenFOAM_vtk/preprocessed.cpp,221349,atomic,typedef atomic<int16_t> atomic_int16_t;
Example/C/gcc_mpi_omp/cavity_OpenFOAM_vtk/preprocessed.cpp,221352,atomic,typedef atomic<uint16_t> atomic_uint16_t;
Example/C/gcc_mpi_omp/cavity_OpenFOAM_vtk/preprocessed.cpp,221355,atomic,typedef atomic<int32_t> atomic_int32_t;
Example/C/gcc_mpi_omp/cavity_OpenFOAM_vtk/preprocessed.cpp,221358,atomic,typedef atomic<uint32_t> atomic_uint32_t;
Example/C/gcc_mpi_omp/cavity_OpenFOAM_vtk/preprocessed.cpp,221361,atomic,typedef atomic<int64_t> atomic_int64_t;
Example/C/gcc_mpi_omp/cavity_OpenFOAM_vtk/preprocessed.cpp,221364,atomic,typedef atomic<uint64_t> atomic_uint64_t;
Example/C/gcc_mpi_omp/cavity_OpenFOAM_vtk/preprocessed.cpp,221368,atomic,typedef atomic<int_least8_t> atomic_int_least8_t;
Example/C/gcc_mpi_omp/cavity_OpenFOAM_vtk/preprocessed.cpp,221371,atomic,typedef atomic<uint_least8_t> atomic_uint_least8_t;
Example/C/gcc_mpi_omp/cavity_OpenFOAM_vtk/preprocessed.cpp,221374,atomic,typedef atomic<int_least16_t> atomic_int_least16_t;
Example/C/gcc_mpi_omp/cavity_OpenFOAM_vtk/preprocessed.cpp,221377,atomic,typedef atomic<uint_least16_t> atomic_uint_least16_t;
Example/C/gcc_mpi_omp/cavity_OpenFOAM_vtk/preprocessed.cpp,221380,atomic,typedef atomic<int_least32_t> atomic_int_least32_t;
Example/C/gcc_mpi_omp/cavity_OpenFOAM_vtk/preprocessed.cpp,221383,atomic,typedef atomic<uint_least32_t> atomic_uint_least32_t;
Example/C/gcc_mpi_omp/cavity_OpenFOAM_vtk/preprocessed.cpp,221386,atomic,typedef atomic<int_least64_t> atomic_int_least64_t;
Example/C/gcc_mpi_omp/cavity_OpenFOAM_vtk/preprocessed.cpp,221389,atomic,typedef atomic<uint_least64_t> atomic_uint_least64_t;
Example/C/gcc_mpi_omp/cavity_OpenFOAM_vtk/preprocessed.cpp,221393,atomic,typedef atomic<int_fast8_t> atomic_int_fast8_t;
Example/C/gcc_mpi_omp/cavity_OpenFOAM_vtk/preprocessed.cpp,221396,atomic,typedef atomic<uint_fast8_t> atomic_uint_fast8_t;
Example/C/gcc_mpi_omp/cavity_OpenFOAM_vtk/preprocessed.cpp,221399,atomic,typedef atomic<int_fast16_t> atomic_int_fast16_t;
Example/C/gcc_mpi_omp/cavity_OpenFOAM_vtk/preprocessed.cpp,221402,atomic,typedef atomic<uint_fast16_t> atomic_uint_fast16_t;
Example/C/gcc_mpi_omp/cavity_OpenFOAM_vtk/preprocessed.cpp,221405,atomic,typedef atomic<int_fast32_t> atomic_int_fast32_t;
Example/C/gcc_mpi_omp/cavity_OpenFOAM_vtk/preprocessed.cpp,221408,atomic,typedef atomic<uint_fast32_t> atomic_uint_fast32_t;
Example/C/gcc_mpi_omp/cavity_OpenFOAM_vtk/preprocessed.cpp,221411,atomic,typedef atomic<int_fast64_t> atomic_int_fast64_t;
Example/C/gcc_mpi_omp/cavity_OpenFOAM_vtk/preprocessed.cpp,221414,atomic,typedef atomic<uint_fast64_t> atomic_uint_fast64_t;
Example/C/gcc_mpi_omp/cavity_OpenFOAM_vtk/preprocessed.cpp,221419,atomic,typedef atomic<intptr_t> atomic_intptr_t;
Example/C/gcc_mpi_omp/cavity_OpenFOAM_vtk/preprocessed.cpp,221422,atomic,typedef atomic<uintptr_t> atomic_uintptr_t;
Example/C/gcc_mpi_omp/cavity_OpenFOAM_vtk/preprocessed.cpp,221425,atomic,typedef atomic<size_t> atomic_size_t;
Example/C/gcc_mpi_omp/cavity_OpenFOAM_vtk/preprocessed.cpp,221428,atomic,typedef atomic<ptrdiff_t> atomic_ptrdiff_t;
Example/C/gcc_mpi_omp/cavity_OpenFOAM_vtk/preprocessed.cpp,221432,atomic,typedef atomic<intmax_t> atomic_intmax_t;
Example/C/gcc_mpi_omp/cavity_OpenFOAM_vtk/preprocessed.cpp,221435,atomic,typedef atomic<uintmax_t> atomic_uintmax_t;
Example/C/gcc_mpi_omp/cavity_OpenFOAM_vtk/preprocessed.cpp,221440,atomic,"atomic_flag_test_and_set_explicit(atomic_flag* __a,"
Example/C/gcc_mpi_omp/cavity_OpenFOAM_vtk/preprocessed.cpp,221445,atomic,"atomic_flag_test_and_set_explicit(volatile atomic_flag* __a,"
Example/C/gcc_mpi_omp/cavity_OpenFOAM_vtk/preprocessed.cpp,221450,atomic,"atomic_flag_clear_explicit(atomic_flag* __a, memory_order __m) noexcept"
Example/C/gcc_mpi_omp/cavity_OpenFOAM_vtk/preprocessed.cpp,221454,atomic,"atomic_flag_clear_explicit(volatile atomic_flag* __a,"
Example/C/gcc_mpi_omp/cavity_OpenFOAM_vtk/preprocessed.cpp,221459,atomic,atomic_flag_test_and_set(atomic_flag* __a) noexcept
Example/C/gcc_mpi_omp/cavity_OpenFOAM_vtk/preprocessed.cpp,221460,atomic,"{ return atomic_flag_test_and_set_explicit(__a, memory_order_seq_cst); }"
Example/C/gcc_mpi_omp/cavity_OpenFOAM_vtk/preprocessed.cpp,221463,atomic,atomic_flag_test_and_set(volatile atomic_flag* __a) noexcept
Example/C/gcc_mpi_omp/cavity_OpenFOAM_vtk/preprocessed.cpp,221464,atomic,"{ return atomic_flag_test_and_set_explicit(__a, memory_order_seq_cst); }"
Example/C/gcc_mpi_omp/cavity_OpenFOAM_vtk/preprocessed.cpp,221467,atomic,atomic_flag_clear(atomic_flag* __a) noexcept
Example/C/gcc_mpi_omp/cavity_OpenFOAM_vtk/preprocessed.cpp,221468,atomic,"{ atomic_flag_clear_explicit(__a, memory_order_seq_cst); }"
Example/C/gcc_mpi_omp/cavity_OpenFOAM_vtk/preprocessed.cpp,221471,atomic,atomic_flag_clear(volatile atomic_flag* __a) noexcept
Example/C/gcc_mpi_omp/cavity_OpenFOAM_vtk/preprocessed.cpp,221472,atomic,"{ atomic_flag_clear_explicit(__a, memory_order_seq_cst); }"
Example/C/gcc_mpi_omp/cavity_OpenFOAM_vtk/preprocessed.cpp,221476,atomic,using __atomic_val_t = typename atomic<_Tp>::value_type;
Example/C/gcc_mpi_omp/cavity_OpenFOAM_vtk/preprocessed.cpp,221478,atomic,using __atomic_diff_t = typename atomic<_Tp>::difference_type;
Example/C/gcc_mpi_omp/cavity_OpenFOAM_vtk/preprocessed.cpp,221484,atomic,atomic_is_lock_free(const atomic<_ITp>* __a) noexcept
Example/C/gcc_mpi_omp/cavity_OpenFOAM_vtk/preprocessed.cpp,221489,atomic,atomic_is_lock_free(const volatile atomic<_ITp>* __a) noexcept
Example/C/gcc_mpi_omp/cavity_OpenFOAM_vtk/preprocessed.cpp,221494,atomic,"atomic_init(atomic<_ITp>* __a, __atomic_val_t<_ITp> __i) noexcept"
Example/C/gcc_mpi_omp/cavity_OpenFOAM_vtk/preprocessed.cpp,221499,atomic,"atomic_init(volatile atomic<_ITp>* __a, __atomic_val_t<_ITp> __i) noexcept"
Example/C/gcc_mpi_omp/cavity_OpenFOAM_vtk/preprocessed.cpp,221504,atomic,"atomic_store_explicit(atomic<_ITp>* __a, __atomic_val_t<_ITp> __i,"
Example/C/gcc_mpi_omp/cavity_OpenFOAM_vtk/preprocessed.cpp,221510,atomic,"atomic_store_explicit(volatile atomic<_ITp>* __a, __atomic_val_t<_ITp> __i,"
Example/C/gcc_mpi_omp/cavity_OpenFOAM_vtk/preprocessed.cpp,221516,atomic,"atomic_load_explicit(const atomic<_ITp>* __a, memory_order __m) noexcept"
Example/C/gcc_mpi_omp/cavity_OpenFOAM_vtk/preprocessed.cpp,221521,atomic,"atomic_load_explicit(const volatile atomic<_ITp>* __a,"
Example/C/gcc_mpi_omp/cavity_OpenFOAM_vtk/preprocessed.cpp,221527,atomic,"atomic_exchange_explicit(atomic<_ITp>* __a, __atomic_val_t<_ITp> __i,"
Example/C/gcc_mpi_omp/cavity_OpenFOAM_vtk/preprocessed.cpp,221533,atomic,"atomic_exchange_explicit(volatile atomic<_ITp>* __a,"
Example/C/gcc_mpi_omp/cavity_OpenFOAM_vtk/preprocessed.cpp,221534,atomic,"__atomic_val_t<_ITp> __i,"
Example/C/gcc_mpi_omp/cavity_OpenFOAM_vtk/preprocessed.cpp,221540,atomic,"atomic_compare_exchange_weak_explicit(atomic<_ITp>* __a,"
Example/C/gcc_mpi_omp/cavity_OpenFOAM_vtk/preprocessed.cpp,221541,atomic,"__atomic_val_t<_ITp>* __i1,"
Example/C/gcc_mpi_omp/cavity_OpenFOAM_vtk/preprocessed.cpp,221542,atomic,"__atomic_val_t<_ITp> __i2,"
Example/C/gcc_mpi_omp/cavity_OpenFOAM_vtk/preprocessed.cpp,221549,atomic,"atomic_compare_exchange_weak_explicit(volatile atomic<_ITp>* __a,"
Example/C/gcc_mpi_omp/cavity_OpenFOAM_vtk/preprocessed.cpp,221550,atomic,"__atomic_val_t<_ITp>* __i1,"
Example/C/gcc_mpi_omp/cavity_OpenFOAM_vtk/preprocessed.cpp,221551,atomic,"__atomic_val_t<_ITp> __i2,"
Example/C/gcc_mpi_omp/cavity_OpenFOAM_vtk/preprocessed.cpp,221558,atomic,"atomic_compare_exchange_strong_explicit(atomic<_ITp>* __a,"
Example/C/gcc_mpi_omp/cavity_OpenFOAM_vtk/preprocessed.cpp,221559,atomic,"__atomic_val_t<_ITp>* __i1,"
Example/C/gcc_mpi_omp/cavity_OpenFOAM_vtk/preprocessed.cpp,221560,atomic,"__atomic_val_t<_ITp> __i2,"
Example/C/gcc_mpi_omp/cavity_OpenFOAM_vtk/preprocessed.cpp,221567,atomic,"atomic_compare_exchange_strong_explicit(volatile atomic<_ITp>* __a,"
Example/C/gcc_mpi_omp/cavity_OpenFOAM_vtk/preprocessed.cpp,221568,atomic,"__atomic_val_t<_ITp>* __i1,"
Example/C/gcc_mpi_omp/cavity_OpenFOAM_vtk/preprocessed.cpp,221569,atomic,"__atomic_val_t<_ITp> __i2,"
Example/C/gcc_mpi_omp/cavity_OpenFOAM_vtk/preprocessed.cpp,221577,atomic,"atomic_store(atomic<_ITp>* __a, __atomic_val_t<_ITp> __i) noexcept"
Example/C/gcc_mpi_omp/cavity_OpenFOAM_vtk/preprocessed.cpp,221578,atomic,"{ atomic_store_explicit(__a, __i, memory_order_seq_cst); }"
Example/C/gcc_mpi_omp/cavity_OpenFOAM_vtk/preprocessed.cpp,221582,atomic,"atomic_store(volatile atomic<_ITp>* __a, __atomic_val_t<_ITp> __i) noexcept"
Example/C/gcc_mpi_omp/cavity_OpenFOAM_vtk/preprocessed.cpp,221583,atomic,"{ atomic_store_explicit(__a, __i, memory_order_seq_cst); }"
Example/C/gcc_mpi_omp/cavity_OpenFOAM_vtk/preprocessed.cpp,221587,atomic,atomic_load(const atomic<_ITp>* __a) noexcept
Example/C/gcc_mpi_omp/cavity_OpenFOAM_vtk/preprocessed.cpp,221588,atomic,"{ return atomic_load_explicit(__a, memory_order_seq_cst); }"
Example/C/gcc_mpi_omp/cavity_OpenFOAM_vtk/preprocessed.cpp,221592,atomic,atomic_load(const volatile atomic<_ITp>* __a) noexcept
Example/C/gcc_mpi_omp/cavity_OpenFOAM_vtk/preprocessed.cpp,221593,atomic,"{ return atomic_load_explicit(__a, memory_order_seq_cst); }"
Example/C/gcc_mpi_omp/cavity_OpenFOAM_vtk/preprocessed.cpp,221597,atomic,"atomic_exchange(atomic<_ITp>* __a, __atomic_val_t<_ITp> __i) noexcept"
Example/C/gcc_mpi_omp/cavity_OpenFOAM_vtk/preprocessed.cpp,221598,atomic,"{ return atomic_exchange_explicit(__a, __i, memory_order_seq_cst); }"
Example/C/gcc_mpi_omp/cavity_OpenFOAM_vtk/preprocessed.cpp,221602,atomic,"atomic_exchange(volatile atomic<_ITp>* __a,"
Example/C/gcc_mpi_omp/cavity_OpenFOAM_vtk/preprocessed.cpp,221603,atomic,__atomic_val_t<_ITp> __i) noexcept
Example/C/gcc_mpi_omp/cavity_OpenFOAM_vtk/preprocessed.cpp,221604,atomic,"{ return atomic_exchange_explicit(__a, __i, memory_order_seq_cst); }"
Example/C/gcc_mpi_omp/cavity_OpenFOAM_vtk/preprocessed.cpp,221608,atomic,"atomic_compare_exchange_weak(atomic<_ITp>* __a,"
Example/C/gcc_mpi_omp/cavity_OpenFOAM_vtk/preprocessed.cpp,221609,atomic,"__atomic_val_t<_ITp>* __i1,"
Example/C/gcc_mpi_omp/cavity_OpenFOAM_vtk/preprocessed.cpp,221610,atomic,__atomic_val_t<_ITp> __i2) noexcept
Example/C/gcc_mpi_omp/cavity_OpenFOAM_vtk/preprocessed.cpp,221612,atomic,"return atomic_compare_exchange_weak_explicit(__a, __i1, __i2,"
Example/C/gcc_mpi_omp/cavity_OpenFOAM_vtk/preprocessed.cpp,221619,atomic,"atomic_compare_exchange_weak(volatile atomic<_ITp>* __a,"
Example/C/gcc_mpi_omp/cavity_OpenFOAM_vtk/preprocessed.cpp,221620,atomic,"__atomic_val_t<_ITp>* __i1,"
Example/C/gcc_mpi_omp/cavity_OpenFOAM_vtk/preprocessed.cpp,221621,atomic,__atomic_val_t<_ITp> __i2) noexcept
Example/C/gcc_mpi_omp/cavity_OpenFOAM_vtk/preprocessed.cpp,221623,atomic,"return atomic_compare_exchange_weak_explicit(__a, __i1, __i2,"
Example/C/gcc_mpi_omp/cavity_OpenFOAM_vtk/preprocessed.cpp,221630,atomic,"atomic_compare_exchange_strong(atomic<_ITp>* __a,"
Example/C/gcc_mpi_omp/cavity_OpenFOAM_vtk/preprocessed.cpp,221631,atomic,"__atomic_val_t<_ITp>* __i1,"
Example/C/gcc_mpi_omp/cavity_OpenFOAM_vtk/preprocessed.cpp,221632,atomic,__atomic_val_t<_ITp> __i2) noexcept
Example/C/gcc_mpi_omp/cavity_OpenFOAM_vtk/preprocessed.cpp,221634,atomic,"return atomic_compare_exchange_strong_explicit(__a, __i1, __i2,"
Example/C/gcc_mpi_omp/cavity_OpenFOAM_vtk/preprocessed.cpp,221641,atomic,"atomic_compare_exchange_strong(volatile atomic<_ITp>* __a,"
Example/C/gcc_mpi_omp/cavity_OpenFOAM_vtk/preprocessed.cpp,221642,atomic,"__atomic_val_t<_ITp>* __i1,"
Example/C/gcc_mpi_omp/cavity_OpenFOAM_vtk/preprocessed.cpp,221643,atomic,__atomic_val_t<_ITp> __i2) noexcept
Example/C/gcc_mpi_omp/cavity_OpenFOAM_vtk/preprocessed.cpp,221645,atomic,"return atomic_compare_exchange_strong_explicit(__a, __i1, __i2,"
Example/C/gcc_mpi_omp/cavity_OpenFOAM_vtk/preprocessed.cpp,221656,atomic,"atomic_fetch_add_explicit(atomic<_ITp>* __a,"
Example/C/gcc_mpi_omp/cavity_OpenFOAM_vtk/preprocessed.cpp,221657,atomic,"__atomic_diff_t<_ITp> __i,"
Example/C/gcc_mpi_omp/cavity_OpenFOAM_vtk/preprocessed.cpp,221663,atomic,"atomic_fetch_add_explicit(volatile atomic<_ITp>* __a,"
Example/C/gcc_mpi_omp/cavity_OpenFOAM_vtk/preprocessed.cpp,221664,atomic,"__atomic_diff_t<_ITp> __i,"
Example/C/gcc_mpi_omp/cavity_OpenFOAM_vtk/preprocessed.cpp,221670,atomic,"atomic_fetch_sub_explicit(atomic<_ITp>* __a,"
Example/C/gcc_mpi_omp/cavity_OpenFOAM_vtk/preprocessed.cpp,221671,atomic,"__atomic_diff_t<_ITp> __i,"
Example/C/gcc_mpi_omp/cavity_OpenFOAM_vtk/preprocessed.cpp,221677,atomic,"atomic_fetch_sub_explicit(volatile atomic<_ITp>* __a,"
Example/C/gcc_mpi_omp/cavity_OpenFOAM_vtk/preprocessed.cpp,221678,atomic,"__atomic_diff_t<_ITp> __i,"
Example/C/gcc_mpi_omp/cavity_OpenFOAM_vtk/preprocessed.cpp,221684,atomic,"atomic_fetch_and_explicit(__atomic_base<_ITp>* __a,"
Example/C/gcc_mpi_omp/cavity_OpenFOAM_vtk/preprocessed.cpp,221685,atomic,"__atomic_val_t<_ITp> __i,"
Example/C/gcc_mpi_omp/cavity_OpenFOAM_vtk/preprocessed.cpp,221691,atomic,"atomic_fetch_and_explicit(volatile __atomic_base<_ITp>* __a,"
Example/C/gcc_mpi_omp/cavity_OpenFOAM_vtk/preprocessed.cpp,221692,atomic,"__atomic_val_t<_ITp> __i,"
Example/C/gcc_mpi_omp/cavity_OpenFOAM_vtk/preprocessed.cpp,221698,atomic,"atomic_fetch_or_explicit(__atomic_base<_ITp>* __a,"
Example/C/gcc_mpi_omp/cavity_OpenFOAM_vtk/preprocessed.cpp,221699,atomic,"__atomic_val_t<_ITp> __i,"
Example/C/gcc_mpi_omp/cavity_OpenFOAM_vtk/preprocessed.cpp,221705,atomic,"atomic_fetch_or_explicit(volatile __atomic_base<_ITp>* __a,"
Example/C/gcc_mpi_omp/cavity_OpenFOAM_vtk/preprocessed.cpp,221706,atomic,"__atomic_val_t<_ITp> __i,"
Example/C/gcc_mpi_omp/cavity_OpenFOAM_vtk/preprocessed.cpp,221712,atomic,"atomic_fetch_xor_explicit(__atomic_base<_ITp>* __a,"
Example/C/gcc_mpi_omp/cavity_OpenFOAM_vtk/preprocessed.cpp,221713,atomic,"__atomic_val_t<_ITp> __i,"
Example/C/gcc_mpi_omp/cavity_OpenFOAM_vtk/preprocessed.cpp,221719,atomic,"atomic_fetch_xor_explicit(volatile __atomic_base<_ITp>* __a,"
Example/C/gcc_mpi_omp/cavity_OpenFOAM_vtk/preprocessed.cpp,221720,atomic,"__atomic_val_t<_ITp> __i,"
Example/C/gcc_mpi_omp/cavity_OpenFOAM_vtk/preprocessed.cpp,221726,atomic,"atomic_fetch_add(atomic<_ITp>* __a,"
Example/C/gcc_mpi_omp/cavity_OpenFOAM_vtk/preprocessed.cpp,221727,atomic,__atomic_diff_t<_ITp> __i) noexcept
Example/C/gcc_mpi_omp/cavity_OpenFOAM_vtk/preprocessed.cpp,221728,atomic,"{ return atomic_fetch_add_explicit(__a, __i, memory_order_seq_cst); }"
Example/C/gcc_mpi_omp/cavity_OpenFOAM_vtk/preprocessed.cpp,221732,atomic,"atomic_fetch_add(volatile atomic<_ITp>* __a,"
Example/C/gcc_mpi_omp/cavity_OpenFOAM_vtk/preprocessed.cpp,221733,atomic,__atomic_diff_t<_ITp> __i) noexcept
Example/C/gcc_mpi_omp/cavity_OpenFOAM_vtk/preprocessed.cpp,221734,atomic,"{ return atomic_fetch_add_explicit(__a, __i, memory_order_seq_cst); }"
Example/C/gcc_mpi_omp/cavity_OpenFOAM_vtk/preprocessed.cpp,221738,atomic,"atomic_fetch_sub(atomic<_ITp>* __a,"
Example/C/gcc_mpi_omp/cavity_OpenFOAM_vtk/preprocessed.cpp,221739,atomic,__atomic_diff_t<_ITp> __i) noexcept
Example/C/gcc_mpi_omp/cavity_OpenFOAM_vtk/preprocessed.cpp,221740,atomic,"{ return atomic_fetch_sub_explicit(__a, __i, memory_order_seq_cst); }"
Example/C/gcc_mpi_omp/cavity_OpenFOAM_vtk/preprocessed.cpp,221744,atomic,"atomic_fetch_sub(volatile atomic<_ITp>* __a,"
Example/C/gcc_mpi_omp/cavity_OpenFOAM_vtk/preprocessed.cpp,221745,atomic,__atomic_diff_t<_ITp> __i) noexcept
Example/C/gcc_mpi_omp/cavity_OpenFOAM_vtk/preprocessed.cpp,221746,atomic,"{ return atomic_fetch_sub_explicit(__a, __i, memory_order_seq_cst); }"
Example/C/gcc_mpi_omp/cavity_OpenFOAM_vtk/preprocessed.cpp,221750,atomic,"atomic_fetch_and(__atomic_base<_ITp>* __a,"
Example/C/gcc_mpi_omp/cavity_OpenFOAM_vtk/preprocessed.cpp,221751,atomic,__atomic_val_t<_ITp> __i) noexcept
Example/C/gcc_mpi_omp/cavity_OpenFOAM_vtk/preprocessed.cpp,221752,atomic,"{ return atomic_fetch_and_explicit(__a, __i, memory_order_seq_cst); }"
Example/C/gcc_mpi_omp/cavity_OpenFOAM_vtk/preprocessed.cpp,221756,atomic,"atomic_fetch_and(volatile __atomic_base<_ITp>* __a,"
Example/C/gcc_mpi_omp/cavity_OpenFOAM_vtk/preprocessed.cpp,221757,atomic,__atomic_val_t<_ITp> __i) noexcept
Example/C/gcc_mpi_omp/cavity_OpenFOAM_vtk/preprocessed.cpp,221758,atomic,"{ return atomic_fetch_and_explicit(__a, __i, memory_order_seq_cst); }"
Example/C/gcc_mpi_omp/cavity_OpenFOAM_vtk/preprocessed.cpp,221762,atomic,"atomic_fetch_or(__atomic_base<_ITp>* __a,"
Example/C/gcc_mpi_omp/cavity_OpenFOAM_vtk/preprocessed.cpp,221763,atomic,__atomic_val_t<_ITp> __i) noexcept
Example/C/gcc_mpi_omp/cavity_OpenFOAM_vtk/preprocessed.cpp,221764,atomic,"{ return atomic_fetch_or_explicit(__a, __i, memory_order_seq_cst); }"
Example/C/gcc_mpi_omp/cavity_OpenFOAM_vtk/preprocessed.cpp,221768,atomic,"atomic_fetch_or(volatile __atomic_base<_ITp>* __a,"
Example/C/gcc_mpi_omp/cavity_OpenFOAM_vtk/preprocessed.cpp,221769,atomic,__atomic_val_t<_ITp> __i) noexcept
Example/C/gcc_mpi_omp/cavity_OpenFOAM_vtk/preprocessed.cpp,221770,atomic,"{ return atomic_fetch_or_explicit(__a, __i, memory_order_seq_cst); }"
Example/C/gcc_mpi_omp/cavity_OpenFOAM_vtk/preprocessed.cpp,221774,atomic,"atomic_fetch_xor(__atomic_base<_ITp>* __a,"
Example/C/gcc_mpi_omp/cavity_OpenFOAM_vtk/preprocessed.cpp,221775,atomic,__atomic_val_t<_ITp> __i) noexcept
Example/C/gcc_mpi_omp/cavity_OpenFOAM_vtk/preprocessed.cpp,221776,atomic,"{ return atomic_fetch_xor_explicit(__a, __i, memory_order_seq_cst); }"
Example/C/gcc_mpi_omp/cavity_OpenFOAM_vtk/preprocessed.cpp,221780,atomic,"atomic_fetch_xor(volatile __atomic_base<_ITp>* __a,"
Example/C/gcc_mpi_omp/cavity_OpenFOAM_vtk/preprocessed.cpp,221781,atomic,__atomic_val_t<_ITp> __i) noexcept
Example/C/gcc_mpi_omp/cavity_OpenFOAM_vtk/preprocessed.cpp,221782,atomic,"{ return atomic_fetch_xor_explicit(__a, __i, memory_order_seq_cst); }"
Example/C/gcc_mpi_omp/cavity_OpenFOAM_vtk/preprocessed.cpp,221941,atomic,std::atomic<int32_t> ReferenceCount;
Example/C/gcc_mpi_omp/cavity_OpenFOAM_vtk/preprocessed.cpp,238046,atomic,"vtkPoints* pts, const std::atomic<unsigned char>* ptUses, double bounds[6]);"
Example/C/gcc_mpi_omp/cavity_OpenFOAM_vtk/preprocessed.cpp,252625,atomic,"enum _Lock_policy { _S_single, _S_mutex, _S_atomic };"
Example/C/gcc_mpi_omp/cavity_OpenFOAM_vtk/preprocessed.cpp,252633,atomic,_S_atomic;
Example/C/gcc_mpi_omp/cavity_OpenFOAM_vtk/preprocessed.cpp,252909,atomic,using __gnu_cxx::_S_atomic;
Example/C/gcc_mpi_omp/cavity_OpenFOAM_vtk/preprocessed.cpp,252958,atomic,"{ __gnu_cxx::__atomic_add_dispatch(&_M_use_count, 1); }"
Example/C/gcc_mpi_omp/cavity_OpenFOAM_vtk/preprocessed.cpp,252981,atomic,__atomic_thread_fence (4);
Example/C/gcc_mpi_omp/cavity_OpenFOAM_vtk/preprocessed.cpp,252997,atomic,"{ __gnu_cxx::__atomic_add_dispatch(&_M_weak_count, 1); }"
Example/C/gcc_mpi_omp/cavity_OpenFOAM_vtk/preprocessed.cpp,253011,atomic,__atomic_thread_fence (4);
Example/C/gcc_mpi_omp/cavity_OpenFOAM_vtk/preprocessed.cpp,253022,atomic,"return __atomic_load_n(&_M_use_count, 0);"
Example/C/gcc_mpi_omp/cavity_OpenFOAM_vtk/preprocessed.cpp,253058,atomic,_Sp_counted_base<_S_atomic>::
Example/C/gcc_mpi_omp/cavity_OpenFOAM_vtk/preprocessed.cpp,253070,atomic,"while (!__atomic_compare_exchange_n(&_M_use_count, &__count, __count + 1,"
Example/C/gcc_mpi_omp/cavity_OpenFOAM_vtk/preprocessed.cpp,253102,atomic,_Sp_counted_base<_S_atomic>::
Example/C/gcc_mpi_omp/cavity_OpenFOAM_vtk/preprocessed.cpp,253114,atomic,"while (!__atomic_compare_exchange_n(&_M_use_count, &__count, __count + 1,"
Example/C/gcc_mpi_omp/cavity_OpenFOAM_vtk/preprocessed.cpp,253223,atomic,"_Sp_counted_ptr<nullptr_t, _S_atomic>::_M_dispose() noexcept { }"
Example/C/gcc_mpi_omp/cavity_OpenFOAM_vtk/preprocessed.cpp,255171,atomic,"# 1 ""/home/app/gcc/9.5.0/include/c++/9.5.0/bits/shared_ptr_atomic.h"" 1 3"
Example/C/gcc_mpi_omp/cavity_OpenFOAM_vtk/preprocessed.cpp,255172,atomic,"# 35 ""/home/app/gcc/9.5.0/include/c++/9.5.0/bits/shared_ptr_atomic.h"" 3"
Example/C/gcc_mpi_omp/cavity_OpenFOAM_vtk/preprocessed.cpp,255209,atomic,"atomic_is_lock_free(const __shared_ptr<_Tp, _Lp>* __p)"
Example/C/gcc_mpi_omp/cavity_OpenFOAM_vtk/preprocessed.cpp,255220,atomic,atomic_is_lock_free(const shared_ptr<_Tp>* __p)
Example/C/gcc_mpi_omp/cavity_OpenFOAM_vtk/preprocessed.cpp,255221,atomic,"{ return std::atomic_is_lock_free<_Tp, __default_lock_policy>(__p); }"
Example/C/gcc_mpi_omp/cavity_OpenFOAM_vtk/preprocessed.cpp,255222,atomic,"# 96 ""/home/app/gcc/9.5.0/include/c++/9.5.0/bits/shared_ptr_atomic.h"" 3"
Example/C/gcc_mpi_omp/cavity_OpenFOAM_vtk/preprocessed.cpp,255225,atomic,"atomic_load_explicit(const shared_ptr<_Tp>* __p, memory_order)"
Example/C/gcc_mpi_omp/cavity_OpenFOAM_vtk/preprocessed.cpp,255233,atomic,atomic_load(const shared_ptr<_Tp>* __p)
Example/C/gcc_mpi_omp/cavity_OpenFOAM_vtk/preprocessed.cpp,255234,atomic,"{ return std::atomic_load_explicit(__p, memory_order_seq_cst); }"
Example/C/gcc_mpi_omp/cavity_OpenFOAM_vtk/preprocessed.cpp,255238,atomic,"atomic_load_explicit(const __shared_ptr<_Tp, _Lp>* __p, memory_order)"
Example/C/gcc_mpi_omp/cavity_OpenFOAM_vtk/preprocessed.cpp,255246,atomic,"atomic_load(const __shared_ptr<_Tp, _Lp>* __p)"
Example/C/gcc_mpi_omp/cavity_OpenFOAM_vtk/preprocessed.cpp,255247,atomic,"{ return std::atomic_load_explicit(__p, memory_order_seq_cst); }"
Example/C/gcc_mpi_omp/cavity_OpenFOAM_vtk/preprocessed.cpp,255248,atomic,"# 132 ""/home/app/gcc/9.5.0/include/c++/9.5.0/bits/shared_ptr_atomic.h"" 3"
Example/C/gcc_mpi_omp/cavity_OpenFOAM_vtk/preprocessed.cpp,255251,atomic,"atomic_store_explicit(shared_ptr<_Tp>* __p, shared_ptr<_Tp> __r,"
Example/C/gcc_mpi_omp/cavity_OpenFOAM_vtk/preprocessed.cpp,255260,atomic,"atomic_store(shared_ptr<_Tp>* __p, shared_ptr<_Tp> __r)"
Example/C/gcc_mpi_omp/cavity_OpenFOAM_vtk/preprocessed.cpp,255261,atomic,"{ std::atomic_store_explicit(__p, std::move(__r), memory_order_seq_cst); }"
Example/C/gcc_mpi_omp/cavity_OpenFOAM_vtk/preprocessed.cpp,255265,atomic,"atomic_store_explicit(__shared_ptr<_Tp, _Lp>* __p,"
Example/C/gcc_mpi_omp/cavity_OpenFOAM_vtk/preprocessed.cpp,255275,atomic,"atomic_store(__shared_ptr<_Tp, _Lp>* __p, __shared_ptr<_Tp, _Lp> __r)"
Example/C/gcc_mpi_omp/cavity_OpenFOAM_vtk/preprocessed.cpp,255276,atomic,"{ std::atomic_store_explicit(__p, std::move(__r), memory_order_seq_cst); }"
Example/C/gcc_mpi_omp/cavity_OpenFOAM_vtk/preprocessed.cpp,255277,atomic,"# 169 ""/home/app/gcc/9.5.0/include/c++/9.5.0/bits/shared_ptr_atomic.h"" 3"
Example/C/gcc_mpi_omp/cavity_OpenFOAM_vtk/preprocessed.cpp,255280,atomic,"atomic_exchange_explicit(shared_ptr<_Tp>* __p, shared_ptr<_Tp> __r,"
Example/C/gcc_mpi_omp/cavity_OpenFOAM_vtk/preprocessed.cpp,255290,atomic,"atomic_exchange(shared_ptr<_Tp>* __p, shared_ptr<_Tp> __r)"
Example/C/gcc_mpi_omp/cavity_OpenFOAM_vtk/preprocessed.cpp,255292,atomic,"return std::atomic_exchange_explicit(__p, std::move(__r),"
Example/C/gcc_mpi_omp/cavity_OpenFOAM_vtk/preprocessed.cpp,255298,atomic,"atomic_exchange_explicit(__shared_ptr<_Tp, _Lp>* __p,"
Example/C/gcc_mpi_omp/cavity_OpenFOAM_vtk/preprocessed.cpp,255309,atomic,"atomic_exchange(__shared_ptr<_Tp, _Lp>* __p, __shared_ptr<_Tp, _Lp> __r)"
Example/C/gcc_mpi_omp/cavity_OpenFOAM_vtk/preprocessed.cpp,255311,atomic,"return std::atomic_exchange_explicit(__p, std::move(__r),"
Example/C/gcc_mpi_omp/cavity_OpenFOAM_vtk/preprocessed.cpp,255314,atomic,"# 218 ""/home/app/gcc/9.5.0/include/c++/9.5.0/bits/shared_ptr_atomic.h"" 3"
Example/C/gcc_mpi_omp/cavity_OpenFOAM_vtk/preprocessed.cpp,255317,atomic,"atomic_compare_exchange_strong_explicit(shared_ptr<_Tp>* __p,"
Example/C/gcc_mpi_omp/cavity_OpenFOAM_vtk/preprocessed.cpp,255339,atomic,"atomic_compare_exchange_strong(shared_ptr<_Tp>* __p, shared_ptr<_Tp>* __v,"
Example/C/gcc_mpi_omp/cavity_OpenFOAM_vtk/preprocessed.cpp,255342,atomic,"return std::atomic_compare_exchange_strong_explicit(__p, __v,"
Example/C/gcc_mpi_omp/cavity_OpenFOAM_vtk/preprocessed.cpp,255348,atomic,"atomic_compare_exchange_weak_explicit(shared_ptr<_Tp>* __p,"
Example/C/gcc_mpi_omp/cavity_OpenFOAM_vtk/preprocessed.cpp,255354,atomic,"return std::atomic_compare_exchange_strong_explicit(__p, __v,"
Example/C/gcc_mpi_omp/cavity_OpenFOAM_vtk/preprocessed.cpp,255360,atomic,"atomic_compare_exchange_weak(shared_ptr<_Tp>* __p, shared_ptr<_Tp>* __v,"
Example/C/gcc_mpi_omp/cavity_OpenFOAM_vtk/preprocessed.cpp,255363,atomic,"return std::atomic_compare_exchange_weak_explicit(__p, __v,"
Example/C/gcc_mpi_omp/cavity_OpenFOAM_vtk/preprocessed.cpp,255369,atomic,"atomic_compare_exchange_strong_explicit(__shared_ptr<_Tp, _Lp>* __p,"
Example/C/gcc_mpi_omp/cavity_OpenFOAM_vtk/preprocessed.cpp,255391,atomic,"atomic_compare_exchange_strong(__shared_ptr<_Tp, _Lp>* __p,"
Example/C/gcc_mpi_omp/cavity_OpenFOAM_vtk/preprocessed.cpp,255395,atomic,"return std::atomic_compare_exchange_strong_explicit(__p, __v,"
Example/C/gcc_mpi_omp/cavity_OpenFOAM_vtk/preprocessed.cpp,255401,atomic,"atomic_compare_exchange_weak_explicit(__shared_ptr<_Tp, _Lp>* __p,"
Example/C/gcc_mpi_omp/cavity_OpenFOAM_vtk/preprocessed.cpp,255407,atomic,"return std::atomic_compare_exchange_strong_explicit(__p, __v,"
Example/C/gcc_mpi_omp/cavity_OpenFOAM_vtk/preprocessed.cpp,255413,atomic,"atomic_compare_exchange_weak(__shared_ptr<_Tp, _Lp>* __p,"
Example/C/gcc_mpi_omp/cavity_OpenFOAM_vtk/preprocessed.cpp,255417,atomic,"return std::atomic_compare_exchange_weak_explicit(__p, __v,"
VisModule/Numeric/EigenDecomposer.cpp,92,omp,// Householder reduction of the 'vec1' vector.
VisModule/Numeric/SVDecomposer.cpp,242,omp,// Householder reduction to bidiagonal form
VisModule/Visualization/Mapper/CalculateHistogramMinmax.h,19,#pragma omp for,#pragma omp for
VisModule/Visualization/Mapper/CalculateHistogramMinmax.h,66,#pragma omp critical,#pragma omp critical
VisModule/Visualization/Mapper/CalculateHistogramMinmax.h,75,critical,} // end of omp critical
VisModule/Visualization/Mapper/CalculateHistogramMinmax.h,95,#pragma omp for,#pragma omp for
VisModule/Visualization/Mapper/CalculateHistogramMinmax.h,165,#pragma omp for schedule( dynamic ) nowait,#pragma omp for schedule( dynamic ) nowait
VisModule/Visualization/Mapper/CalculateHistogramMinmax.h,217,#pragma omp critical,#pragma omp critical
VisModule/Visualization/Mapper/CalculateHistogramMinmax.h,240,#pragma omp for schedule( dynamic ) nowait,#pragma omp for schedule( dynamic ) nowait
VisModule/Visualization/Mapper/CellByCellMinMax.cpp,340,#pragma omp parallel,#pragma omp parallel
VisModule/Visualization/Mapper/CellByCellMinMax.cpp,408,#pragma omp for,#pragma omp for
VisModule/Visualization/Mapper/CellByCellMinMax.cpp,465,#pragma omp critical,#pragma omp critical
VisModule/Visualization/Mapper/CellByCellMinMax.cpp,477,critical,} // end of omp critical
VisModule/Visualization/Mapper/CellByCellMinMax.cpp,788,#pragma omp parallel,#pragma omp parallel
VisModule/Visualization/Mapper/CellByCellMinMax.cpp,863,#pragma omp for schedule( dynamic ) nowait,#pragma omp for schedule( dynamic ) nowait
VisModule/Visualization/Mapper/CellByCellMinMax.cpp,920,#pragma omp critical,#pragma omp critical
VisModule/Visualization/Mapper/QuadraticHexahedralCell.h,844,#pragma omp critical(random),#pragma omp critical(random)
VisModule/Visualization/Mapper/QuadraticHexahedralCell.h,868,//    #pragma omp critical(random),//    #pragma omp critical(random)
VisModule/Visualization/Mapper/CellByCellHistogram.cpp,351,#pragma omp parallel,#pragma omp parallel
VisModule/Visualization/Mapper/CellByCellHistogram.cpp,410,#pragma omp for,#pragma omp for
VisModule/Visualization/Mapper/CellByCellHistogram.cpp,510,#pragma omp critical,#pragma omp critical
VisModule/Visualization/Mapper/CellByCellHistogram.cpp,517,critical,} // end of omp critical
VisModule/Visualization/Mapper/CellByCellHistogram.cpp,787,#pragma omp parallel,#pragma omp parallel
VisModule/Visualization/Mapper/CellByCellHistogram.cpp,842,#pragma omp for schedule( dynamic ) nowait,#pragma omp for schedule( dynamic ) nowait
VisModule/Visualization/Mapper/CellByCellHistogram.cpp,943,#pragma omp critical,#pragma omp critical
VisModule/Visualization/Mapper/CellByCellHistogram.cpp,951,} //#pragma omp parallel,} //#pragma omp parallel
VisModule/Visualization/Mapper/PyramidalCell.h,592,#pragma omp critical(random),#pragma omp critical(random)
VisModule/Visualization/Mapper/PyramidalCell.h,638,//    #pragma omp critical(random),//    #pragma omp critical(random)
VisModule/Visualization/Mapper/CellByCellUniformSampling.cpp,368,#pragma omp parallel,#pragma omp parallel
VisModule/Visualization/Mapper/CellByCellUniformSampling.cpp,435,#pragma omp for,#pragma omp for
VisModule/Visualization/Mapper/CellByCellUniformSampling.cpp,546,#pragma omp for,#pragma omp for
VisModule/Visualization/Mapper/CellByCellUniformSampling.cpp,598,#pragma omp critical,#pragma omp critical
VisModule/Visualization/Mapper/CellByCellUniformSampling.cpp,611,#pragma omp for schedule(dynamic),#pragma omp for schedule(dynamic)
VisModule/Visualization/Mapper/CellByCellUniformSampling.cpp,736,// #pragma omp critical,// #pragma omp critical
VisModule/Visualization/Mapper/CellByCellUniformSampling.cpp,758,// } // #pragma omp critical,// } // #pragma omp critical
VisModule/Visualization/Mapper/CellByCellUniformSampling.cpp,833,#pragma omp critical,#pragma omp critical
VisModule/Visualization/Mapper/CellByCellUniformSampling.cpp,847,critical,} // end of omp critical
VisModule/Visualization/Mapper/CellByCellUniformSampling.cpp,1147,#pragma omp parallel,#pragma omp parallel
VisModule/Visualization/Mapper/CellByCellUniformSampling.cpp,1207,#pragma omp for schedule( dynamic ) nowait,#pragma omp for schedule( dynamic ) nowait
VisModule/Visualization/Mapper/CellByCellUniformSampling.cpp,1597,#pragma omp critical,#pragma omp critical
VisModule/Visualization/Mapper/CellByCellUniformSampling.cpp,1613,} //#pragma omp parallel,} //#pragma omp parallel
VisModule/Visualization/Mapper/CellByCellRejectionSampling.cpp,339,#pragma omp parallel,#pragma omp parallel
VisModule/Visualization/Mapper/CellByCellRejectionSampling.cpp,406,#pragma omp for,#pragma omp for
VisModule/Visualization/Mapper/CellByCellRejectionSampling.cpp,517,#pragma omp for,#pragma omp for
VisModule/Visualization/Mapper/CellByCellRejectionSampling.cpp,569,#pragma omp critical,#pragma omp critical
VisModule/Visualization/Mapper/CellByCellRejectionSampling.cpp,582,#pragma omp for schedule(dynamic),#pragma omp for schedule(dynamic)
VisModule/Visualization/Mapper/CellByCellRejectionSampling.cpp,705,// #pragma omp critical,// #pragma omp critical
VisModule/Visualization/Mapper/CellByCellRejectionSampling.cpp,727,// } // #pragma omp critical,// } // #pragma omp critical
VisModule/Visualization/Mapper/CellByCellRejectionSampling.cpp,810,#pragma omp critical,#pragma omp critical
VisModule/Visualization/Mapper/CellByCellRejectionSampling.cpp,824,critical,} // end of omp critical
VisModule/Visualization/Mapper/CellByCellRejectionSampling.cpp,1111,#pragma omp parallel,#pragma omp parallel
VisModule/Visualization/Mapper/CellByCellRejectionSampling.cpp,1171,#pragma omp for schedule( dynamic ) nowait,#pragma omp for schedule( dynamic ) nowait
VisModule/Visualization/Mapper/CellByCellRejectionSampling.cpp,1573,#pragma omp critical,#pragma omp critical
VisModule/Visualization/Mapper/CellByCellRejectionSampling.cpp,1589,} //#pragma omp parallel,} //#pragma omp parallel
VisModule/Visualization/Mapper/CellByCellParticleGenerator.h,793,#pragma omp parallel reduction(+: total_volume),#pragma omp parallel reduction(+: total_volume)
VisModule/Visualization/Mapper/CellByCellParticleGenerator.h,800,#pragma omp for schedule(dynamic),#pragma omp for schedule(dynamic)
VisModule/Visualization/Mapper/PrismaticCell.h,467,#pragma omp critical(random),#pragma omp critical(random)
VisModule/Visualization/Mapper/PrismaticCell.h,504,//    #pragma omp critical(random),//    #pragma omp critical(random)
VisModule/Visualization/Mapper/GlyphSeed.cpp,584,//#pragma omp for,//#pragma omp for
VisModule/Visualization/Mapper/GlyphSeed.cpp,890,#pragma omp parallel,#pragma omp parallel
VisModule/Visualization/Mapper/GlyphSeed.cpp,913,//#pragma omp for schedule( dynamic ) nowait,//#pragma omp for schedule( dynamic ) nowait
VisModule/Visualization/Mapper/GlyphSeed.cpp,914,#pragma omp parallel for,#pragma omp parallel for
VisModule/Visualization/Mapper/GlyphSeed.cpp,924,//#pragma omp for schedule( dynamic ) nowait,//#pragma omp for schedule( dynamic ) nowait
VisModule/Visualization/Mapper/GlyphSeed.cpp,925,#pragma omp parallel for,#pragma omp parallel for
VisModule/Visualization/Mapper/GlyphSeed.cpp,1011,#pragma omp barrier,#pragma omp barrier
VisModule/Visualization/Mapper/GlyphSeed.cpp,1012,#pragma omp critical,#pragma omp critical
VisModule/Visualization/Mapper/GlyphSeed.cpp,1020,} //#pragma omp parallel,} //#pragma omp parallel
VisModule/Visualization/Mapper/GlyphSeed.cpp,1215,#pragma omp parallel,#pragma omp parallel
VisModule/Visualization/Mapper/GlyphSeed.cpp,1259,#pragma omp parallel for,#pragma omp parallel for
VisModule/Visualization/Mapper/GlyphSeed.cpp,1344,#pragma omp barrier,#pragma omp barrier
VisModule/Visualization/Mapper/GlyphSeed.cpp,1345,#pragma omp critical,#pragma omp critical
VisModule/Visualization/Mapper/TetrahedralCell.h,433,#pragma omp critical(random),#pragma omp critical(random)
VisModule/Visualization/Mapper/TetrahedralCell.h,492,//    #pragma omp critical(random),//    #pragma omp critical(random)
VisModule/Visualization/Mapper/TetrahedralCell.h,872,#pragma omp critical(random),#pragma omp critical(random)
VisModule/Visualization/Mapper/HexahedralCell.h,548,#pragma omp critical(random),#pragma omp critical(random)
VisModule/Visualization/Mapper/HexahedralCell.h,571,//    #pragma omp critical(random),//    #pragma omp critical(random)
VisModule/Visualization/Mapper/HexahedralCell.h,604,//    #pragma omp critical(random),//    #pragma omp critical(random)
VisModule/Visualization/Mapper/CellByCellMetropolisSampling.cpp,343,#pragma omp parallel,#pragma omp parallel
VisModule/Visualization/Mapper/CellByCellMetropolisSampling.cpp,411,#pragma omp for,#pragma omp for
VisModule/Visualization/Mapper/CellByCellMetropolisSampling.cpp,522,#pragma omp for,#pragma omp for
VisModule/Visualization/Mapper/CellByCellMetropolisSampling.cpp,574,#pragma omp critical,#pragma omp critical
VisModule/Visualization/Mapper/CellByCellMetropolisSampling.cpp,587,#pragma omp for schedule(dynamic),#pragma omp for schedule(dynamic)
VisModule/Visualization/Mapper/CellByCellMetropolisSampling.cpp,803,// #pragma omp critical,// #pragma omp critical
VisModule/Visualization/Mapper/CellByCellMetropolisSampling.cpp,825,// } // #pragma omp critical,// } // #pragma omp critical
VisModule/Visualization/Mapper/CellByCellMetropolisSampling.cpp,931,#pragma omp critical,#pragma omp critical
VisModule/Visualization/Mapper/CellByCellMetropolisSampling.cpp,945,critical,} // end of omp critical
VisModule/Visualization/Mapper/CellByCellMetropolisSampling.cpp,1217,#pragma omp parallel,#pragma omp parallel
VisModule/Visualization/Mapper/CellByCellMetropolisSampling.cpp,1278,#pragma omp for schedule( dynamic ) nowait,#pragma omp for schedule( dynamic ) nowait
VisModule/Visualization/Mapper/CellByCellMetropolisSampling.cpp,1737,#pragma omp critical,#pragma omp critical
VisModule/Visualization/Mapper/CellByCellMetropolisSampling.cpp,1753,} // #pragma omp parallel,} // #pragma omp parallel
VisModule/Visualization/Mapper/QuadraticTetrahedralCell.h,580,#pragma omp critical(random),#pragma omp critical(random)
VisModule/Visualization/Mapper/QuadraticTetrahedralCell.h,639,//    #pragma omp critical(random),//    #pragma omp critical(random)
